-671.5502466715169,511.125, 0.0, 14, 101
-661.3744481770497,517.0, 0.0, 14, 101
-661.3744481770497,505.25, 0.0, 14, 101
-661.3744481770497,493.5, 0.0, 14, 101
-661.3744481770497,481.75, 0.0, 14, 101
-661.3744481770497,470.0, 0.0, 14, 101
-661.3744481770497,458.25, 0.0, 14, 101
-661.3744481770497,434.75, 0.0, 14, 101
-651.1986496825824,522.875, 0.0, 14, 101
-651.1986496825824,511.125, 0.0, 14, 101
-651.1986496825824,499.375, 0.0, 14, 101
-651.1986496825824,487.625, 0.0, 14, 101
-651.1986496825824,475.875, 0.0, 14, 101
-651.1986496825824,464.125, 0.0, 14, 101
-651.1986496825824,452.375, 0.0, 14, 101
-651.1986496825824,440.625, 0.0, 14, 101
-651.1986496825824,428.875, 0.0, 14, 101
-651.1986496825824,417.125, 0.0, 14, 101
-641.0228511881153,517.0, 0.0, 14, 101
-641.0228511881153,505.25, 0.0, 14, 101
-641.0228511881153,493.5, 0.0, 14, 101
-641.0228511881153,481.75, 0.0, 14, 101
-641.0228511881153,470.0, 0.0, 14, 101
-641.0228511881153,458.25, 0.0, 14, 101
-641.0228511881153,446.5, 0.0, 14, 101
-641.0228511881153,434.75, 0.0, 14, 101
-641.0228511881153,423.0, 0.0, 14, 101
-641.0228511881153,411.25, 0.0, 14, 101
-641.0228511881153,399.5, 0.0, 14, 101
-641.0228511881153,387.75, 0.0, 14, 101
-630.847052693648,511.125, 0.0, 14, 101
-630.847052693648,499.375, 0.0, 14, 101
-630.847052693648,487.625, 0.0, 14, 101
-630.847052693648,475.875, 0.0, 14, 101
-630.847052693648,464.125, 0.0, 14, 101
-630.847052693648,452.375, 0.0, 14, 101
-630.847052693648,440.625, 0.0, 14, 101
-630.847052693648,428.875, 0.0, 14, 101
-630.847052693648,417.125, 0.0, 14, 101
-630.847052693648,405.375, 0.0, 14, 101
-630.847052693648,393.625, 0.0, 14, 101
-630.847052693648,381.875, 0.0, 14, 101
-620.6712541991809,446.5, 0.0, 14, 101
-620.6712541991809,434.75, 0.0, 14, 101
-620.6712541991809,423.0, 0.0, 14, 101
-620.6712541991809,411.25, 0.0, 14, 101
-620.6712541991809,399.5, 0.0, 14, 101
-620.6712541991809,387.75, 0.0, 14, 101
-620.6712541991809,376.0, 0.0, 14, 101
-620.6712541991809,364.25, 0.0, 14, 101
-620.6712541991809,352.5, 0.0, 14, 101
-620.6712541991809,340.75, 0.0, 14, 101
-610.4954557047137,440.625, 0.0, 14, 101
-610.4954557047137,428.875, 0.0, 14, 101
-610.4954557047137,417.125, 0.0, 14, 101
-610.4954557047137,405.375, 0.0, 14, 101
-610.4954557047137,393.625, 0.0, 14, 101
-610.4954557047137,381.875, 0.0, 14, 101
-610.4954557047137,370.125, 0.0, 14, 101
-610.4954557047137,358.375, 0.0, 14, 101
-610.4954557047137,346.625, 0.0, 14, 101
-610.4954557047137,334.875, 0.0, 14, 101
-610.4954557047137,323.125, 0.0, 14, 101
-600.3196572102464,399.5, 0.0, 14, 101
-600.3196572102464,387.75, 0.0, 14, 101
-600.3196572102464,376.0, 0.0, 14, 101
-600.3196572102464,364.25, 0.0, 14, 101
-600.3196572102464,352.5, 0.0, 14, 101
-600.3196572102464,340.75, 0.0, 14, 101
-600.3196572102464,329.0, 0.0, 14, 101
-600.3196572102464,317.25, 0.0, 14, 101
-600.3196572102464,305.5, 0.0, 14, 101
-600.3196572102464,293.75, 0.0, 14, 101
-590.1438587157793,381.875, 0.0, 14, 101
-590.1438587157793,370.125, 0.0, 14, 101
-590.1438587157793,358.375, 0.0, 14, 101
-590.1438587157793,346.625, 0.0, 14, 101
-590.1438587157793,334.875, 0.0, 14, 101
-590.1438587157793,323.125, 0.0, 14, 101
-590.1438587157793,311.375, 0.0, 14, 101
-590.1438587157793,299.625, 0.0, 14, 101
-590.1438587157793,287.875, 0.0, 14, 101
-579.968060221312,340.75, 0.0, 14, 101
-579.968060221312,329.0, 0.0, 14, 101
-579.968060221312,317.25, 0.0, 14, 101
-579.968060221312,305.5, 0.0, 14, 101
-579.968060221312,293.75, 0.0, 14, 101
-579.968060221312,282.0, 0.0, 14, 101
-579.968060221312,270.25, 0.0, 14, 101
-569.7922617268449,323.125, 0.0, 14, 101
-569.7922617268449,311.375, 0.0, 14, 101
-569.7922617268449,299.625, 0.0, 14, 101
-569.7922617268449,287.875, 0.0, 14, 101
-569.7922617268449,276.125, 0.0, 14, 101
-569.7922617268449,264.375, 0.0, 14, 101
-559.6164632323777,305.5, 0.0, 14, 101
-559.6164632323777,293.75, 0.0, 14, 101
-559.6164632323777,282.0, 0.0, 14, 101
-559.6164632323777,270.25, 0.0, 14, 101
-559.6164632323777,258.5, 0.0, 14, 101
-559.6164632323777,246.75, 0.0, 14, 101
-549.4406647379104,287.875, 0.0, 14, 101
-549.4406647379104,276.125, 0.0, 14, 101
-549.4406647379104,264.375, 0.0, 14, 101
-549.4406647379104,252.625, 0.0, 14, 101
-549.4406647379104,240.875, 0.0, 14, 101
-549.4406647379104,229.125, 0.0, 14, 101
-539.2648662434433,270.25, 0.0, 14, 101
-539.2648662434433,258.5, 0.0, 14, 101
-539.2648662434433,246.75, 0.0, 14, 101
-539.2648662434433,235.0, 0.0, 14, 101
-539.2648662434433,223.25, 0.0, 14, 101
-539.2648662434433,211.5, 0.0, 14, 101
-529.089067748976,264.375, 0.0, 14, 101
-529.089067748976,252.625, 0.0, 14, 101
-529.089067748976,240.875, 0.0, 14, 101
-529.089067748976,229.125, 0.0, 14, 101
-529.089067748976,217.375, 0.0, 14, 101
-529.089067748976,205.625, 0.0, 14, 101
-518.9132692545089,246.75, 0.0, 14, 101
-518.9132692545089,235.0, 0.0, 14, 101
-518.9132692545089,223.25, 0.0, 14, 101
-518.9132692545089,211.5, 0.0, 14, 101
-518.9132692545089,199.75, 0.0, 14, 101
-508.7374707600417,229.125, 0.0, 14, 101
-508.7374707600417,217.375, 0.0, 14, 101
-508.7374707600417,205.625, 0.0, 14, 101
-508.7374707600417,193.875, 0.0, 14, 101
-498.5616722655745,211.5, 0.0, 14, 101
-498.5616722655745,199.75, 0.0, 14, 101
-498.5616722655745,188.0, 0.0, 14, 101
-488.3858737711073,205.625, 0.0, 14, 101
-488.3858737711073,193.875, 0.0, 14, 101
-488.3858737711073,182.125, 0.0, 14, 101
-478.21007527664005,199.75, 0.0, 14, 101
-478.21007527664005,188.0, 0.0, 14, 101
-478.21007527664005,176.25, 0.0, 14, 101
-478.21007527664005,164.5, 0.0, 14, 101
-468.03427678217287,193.875, 0.0, 14, 101
-468.03427678217287,182.125, 0.0, 14, 101
-468.03427678217287,170.375, 0.0, 14, 101
-468.03427678217287,158.625, 0.0, 14, 101
-457.8584782877057,188.0, 0.0, 14, 101
-457.8584782877057,176.25, 0.0, 14, 101
-457.8584782877057,164.5, 0.0, 14, 101
-457.8584782877057,152.75, 0.0, 14, 101
-457.8584782877057,141.0, 0.0, 14, 101
-447.6826797932385,182.125, 0.0, 14, 101
-447.6826797932385,170.375, 0.0, 14, 101
-447.6826797932385,158.625, 0.0, 14, 101
-447.6826797932385,146.875, 0.0, 14, 101
-447.6826797932385,135.125, 0.0, 14, 101
-437.50688129877125,176.25, 0.0, 14, 101
-437.50688129877125,164.5, 0.0, 14, 101
-437.50688129877125,152.75, 0.0, 14, 101
-437.50688129877125,141.0, 0.0, 14, 101
-437.50688129877125,129.25, 0.0, 14, 101
-427.33108280430406,170.375, 0.0, 14, 101
-427.33108280430406,158.625, 0.0, 14, 101
-427.33108280430406,146.875, 0.0, 14, 101
-427.33108280430406,135.125, 0.0, 14, 101
-417.1552843098369,164.5, 0.0, 14, 101
-417.1552843098369,152.75, 0.0, 14, 101
-417.1552843098369,141.0, 0.0, 14, 101
-417.1552843098369,129.25, 0.0, 14, 101
-406.9794858153697,158.625, 0.0, 14, 101
-406.9794858153697,146.875, 0.0, 14, 101
-406.9794858153697,135.125, 0.0, 14, 101
-406.9794858153697,123.375, 0.0, 14, 101
-396.8036873209025,152.75, 0.0, 14, 101
-396.8036873209025,141.0, 0.0, 14, 101
-396.8036873209025,129.25, 0.0, 14, 101
-396.8036873209025,117.5, 0.0, 14, 101
-386.62788882643525,146.875, 0.0, 14, 101
-386.62788882643525,135.125, 0.0, 14, 101
-386.62788882643525,123.375, 0.0, 14, 101
-376.45209033196807,141.0, 0.0, 14, 101
-376.45209033196807,129.25, 0.0, 14, 101
-376.45209033196807,117.5, 0.0, 14, 101
-366.2762918375009,146.875, 0.0, 14, 101
-366.2762918375009,135.125, 0.0, 14, 101
-366.2762918375009,123.375, 0.0, 14, 101
-366.2762918375009,111.625, 0.0, 14, 101
-356.1004933430337,141.0, 0.0, 14, 101
-356.1004933430337,129.25, 0.0, 14, 101
-356.1004933430337,117.5, 0.0, 14, 101
-345.9246948485665,135.125, 0.0, 14, 101
-345.9246948485665,123.375, 0.0, 14, 101
-345.9246948485665,111.625, 0.0, 14, 101
-335.74889635409926,141.0, 0.0, 14, 101
-335.74889635409926,129.25, 0.0, 14, 101
-335.74889635409926,117.5, 0.0, 14, 101
-335.74889635409926,105.75, 0.0, 14, 101
-325.57309785963207,135.125, 0.0, 14, 101
-325.57309785963207,123.375, 0.0, 14, 101
-325.57309785963207,111.625, 0.0, 14, 101
-315.3972993651649,141.0, 0.0, 14, 101
-315.3972993651649,129.25, 0.0, 14, 101
-315.3972993651649,117.5, 0.0, 14, 101
-305.2215008706977,135.125, 0.0, 14, 101
-305.2215008706977,123.375, 0.0, 14, 101
-305.2215008706977,111.625, 0.0, 14, 101
-295.0457023762305,141.0, 0.0, 14, 101
-295.0457023762305,129.25, 0.0, 14, 101
-295.0457023762305,117.5, 0.0, 14, 101
-284.86990388176326,146.875, 0.0, 14, 101
-284.86990388176326,135.125, 0.0, 14, 101
-284.86990388176326,123.375, 0.0, 14, 101
-274.6941053872961,141.0, 0.0, 14, 101
-274.6941053872961,129.25, 0.0, 14, 101
-264.5183068928289,146.875, 0.0, 14, 101
-264.5183068928289,135.125, 0.0, 14, 101
-264.5183068928289,123.375, 0.0, 14, 101
-254.3425083983617,152.75, 0.0, 14, 101
-254.3425083983617,141.0, 0.0, 14, 101
-254.3425083983617,129.25, 0.0, 14, 101
-244.16670990389449,158.625, 0.0, 14, 101
-244.16670990389449,146.875, 0.0, 14, 101
-244.16670990389449,135.125, 0.0, 14, 101
-233.9909114094273,164.5, 0.0, 14, 101
-233.9909114094273,152.75, 0.0, 14, 101
-233.9909114094273,141.0, 0.0, 14, 101
-223.81511291496008,381.875, 0.0, 14, 101
-223.81511291496008,370.125, 0.0, 14, 101
-223.81511291496008,358.375, 0.0, 14, 101
-223.81511291496008,346.625, 0.0, 14, 101
-223.81511291496008,334.875, 0.0, 14, 101
-223.81511291496008,182.125, 0.0, 14, 101
-223.81511291496008,170.375, 0.0, 14, 101
-223.81511291496008,158.625, 0.0, 14, 101
-223.81511291496008,146.875, 0.0, 14, 101
-223.81511291496008,135.125, 0.0, 14, 101
-213.6393144204929,411.25, 0.0, 14, 101
-213.6393144204929,399.5, 0.0, 14, 101
-213.6393144204929,387.75, 0.0, 14, 101
-213.6393144204929,376.0, 0.0, 14, 101
-213.6393144204929,364.25, 0.0, 14, 101
-213.6393144204929,352.5, 0.0, 14, 101
-213.6393144204929,340.75, 0.0, 14, 101
-213.6393144204929,329.0, 0.0, 14, 101
-213.6393144204929,317.25, 0.0, 14, 101
-213.6393144204929,305.5, 0.0, 14, 101
-213.6393144204929,211.5, 0.0, 14, 101
-213.6393144204929,199.75, 0.0, 14, 101
-213.6393144204929,188.0, 0.0, 14, 101
-213.6393144204929,176.25, 0.0, 14, 101
-213.6393144204929,164.5, 0.0, 14, 101
-213.6393144204929,152.75, 0.0, 14, 101
-203.46351592602568,440.625, 0.0, 14, 101
-203.46351592602568,428.875, 0.0, 14, 101
-203.46351592602568,417.125, 0.0, 14, 101
-203.46351592602568,405.375, 0.0, 14, 101
-203.46351592602568,393.625, 0.0, 14, 101
-203.46351592602568,381.875, 0.0, 14, 101
-203.46351592602568,370.125, 0.0, 14, 101
-203.46351592602568,358.375, 0.0, 14, 101
-203.46351592602568,346.625, 0.0, 14, 101
-203.46351592602568,334.875, 0.0, 14, 101
-203.46351592602568,323.125, 0.0, 14, 101
-203.46351592602568,311.375, 0.0, 14, 101
-203.46351592602568,299.625, 0.0, 14, 101
-203.46351592602568,287.875, 0.0, 14, 101
-203.46351592602568,276.125, 0.0, 14, 101
-203.46351592602568,264.375, 0.0, 14, 101
-203.46351592602568,252.625, 0.0, 14, 101
-203.46351592602568,240.875, 0.0, 14, 101
-203.46351592602568,229.125, 0.0, 14, 101
-203.46351592602568,217.375, 0.0, 14, 101
-203.46351592602568,205.625, 0.0, 14, 101
-203.46351592602568,193.875, 0.0, 14, 101
-203.46351592602568,182.125, 0.0, 14, 101
-203.46351592602568,170.375, 0.0, 14, 101
-203.46351592602568,158.625, 0.0, 14, 101
-193.2877174315585,446.5, 0.0, 14, 101
-193.2877174315585,434.75, 0.0, 14, 101
-193.2877174315585,423.0, 0.0, 14, 101
-193.2877174315585,411.25, 0.0, 14, 101
-193.2877174315585,399.5, 0.0, 14, 101
-193.2877174315585,387.75, 0.0, 14, 101
-193.2877174315585,376.0, 0.0, 14, 101
-193.2877174315585,364.25, 0.0, 14, 101
-193.2877174315585,352.5, 0.0, 14, 101
-193.2877174315585,340.75, 0.0, 14, 101
-193.2877174315585,329.0, 0.0, 14, 101
-193.2877174315585,317.25, 0.0, 14, 101
-193.2877174315585,305.5, 0.0, 14, 101
-193.2877174315585,293.75, 0.0, 14, 101
-193.2877174315585,282.0, 0.0, 14, 101
-193.2877174315585,270.25, 0.0, 14, 101
-193.2877174315585,258.5, 0.0, 14, 101
-193.2877174315585,246.75, 0.0, 14, 101
-193.2877174315585,235.0, 0.0, 14, 101
-193.2877174315585,223.25, 0.0, 14, 101
-193.2877174315585,211.5, 0.0, 14, 101
-193.2877174315585,199.75, 0.0, 14, 101
-193.2877174315585,188.0, 0.0, 14, 101
-193.2877174315585,176.25, 0.0, 14, 101
-193.2877174315585,164.5, 0.0, 14, 101
-183.1119189370913,452.375, 0.0, 14, 101
-183.1119189370913,440.625, 0.0, 14, 101
-183.1119189370913,428.875, 0.0, 14, 101
-183.1119189370913,417.125, 0.0, 14, 101
-183.1119189370913,405.375, 0.0, 14, 101
-183.1119189370913,393.625, 0.0, 14, 101
-183.1119189370913,381.875, 0.0, 14, 101
-183.1119189370913,370.125, 0.0, 14, 101
-183.1119189370913,358.375, 0.0, 14, 101
-183.1119189370913,346.625, 0.0, 14, 101
-183.1119189370913,334.875, 0.0, 14, 101
-183.1119189370913,323.125, 0.0, 14, 101
-183.1119189370913,311.375, 0.0, 14, 101
-183.1119189370913,299.625, 0.0, 14, 101
-183.1119189370913,287.875, 0.0, 14, 101
-183.1119189370913,276.125, 0.0, 14, 101
-183.1119189370913,264.375, 0.0, 14, 101
-183.1119189370913,252.625, 0.0, 14, 101
-183.1119189370913,240.875, 0.0, 14, 101
-183.1119189370913,229.125, 0.0, 14, 101
-183.1119189370913,217.375, 0.0, 14, 101
-183.1119189370913,205.625, 0.0, 14, 101
-183.1119189370913,193.875, 0.0, 14, 101
-183.1119189370913,182.125, 0.0, 14, 101
-183.1119189370913,170.375, 0.0, 14, 101
-172.9361204426241,470.0, 0.0, 14, 101
-172.9361204426241,458.25, 0.0, 14, 101
-172.9361204426241,446.5, 0.0, 14, 101
-172.9361204426241,434.75, 0.0, 14, 101
-172.9361204426241,423.0, 0.0, 14, 101
-172.9361204426241,411.25, 0.0, 14, 101
-172.9361204426241,399.5, 0.0, 14, 101
-172.9361204426241,387.75, 0.0, 14, 101
-172.9361204426241,376.0, 0.0, 14, 101
-172.9361204426241,364.25, 0.0, 14, 101
-172.9361204426241,352.5, 0.0, 14, 101
-172.9361204426241,340.75, 0.0, 14, 101
-172.9361204426241,329.0, 0.0, 14, 101
-172.9361204426241,317.25, 0.0, 14, 101
-172.9361204426241,305.5, 0.0, 14, 101
-172.9361204426241,293.75, 0.0, 14, 101
-172.9361204426241,282.0, 0.0, 14, 101
-172.9361204426241,270.25, 0.0, 14, 101
-172.9361204426241,258.5, 0.0, 14, 101
-172.9361204426241,246.75, 0.0, 14, 101
-172.9361204426241,235.0, 0.0, 14, 101
-172.9361204426241,223.25, 0.0, 14, 101
-172.9361204426241,211.5, 0.0, 14, 101
-172.9361204426241,199.75, 0.0, 14, 101
-172.9361204426241,188.0, 0.0, 14, 101
-172.9361204426241,176.25, 0.0, 14, 101
-162.7603219481569,475.875, 0.0, 14, 101
-162.7603219481569,464.125, 0.0, 14, 101
-162.7603219481569,452.375, 0.0, 14, 101
-162.7603219481569,440.625, 0.0, 14, 101
-162.7603219481569,428.875, 0.0, 14, 101
-162.7603219481569,417.125, 0.0, 14, 101
-162.7603219481569,405.375, 0.0, 14, 101
-162.7603219481569,393.625, 0.0, 14, 101
-162.7603219481569,381.875, 0.0, 14, 101
-162.7603219481569,370.125, 0.0, 14, 101
-162.7603219481569,358.375, 0.0, 14, 101
-162.7603219481569,346.625, 0.0, 14, 101
-162.7603219481569,334.875, 0.0, 14, 101
-162.7603219481569,323.125, 0.0, 14, 101
-162.7603219481569,311.375, 0.0, 14, 101
-162.7603219481569,299.625, 0.0, 14, 101
-162.7603219481569,287.875, 0.0, 14, 101
-162.7603219481569,276.125, 0.0, 14, 101
-162.7603219481569,264.375, 0.0, 14, 101
-162.7603219481569,252.625, 0.0, 14, 101
-162.7603219481569,240.875, 0.0, 14, 101
-162.7603219481569,229.125, 0.0, 14, 101
-162.7603219481569,217.375, 0.0, 14, 101
-162.7603219481569,205.625, 0.0, 14, 101
-162.7603219481569,193.875, 0.0, 14, 101
-162.7603219481569,182.125, 0.0, 14, 101
-152.58452345368968,481.75, 0.0, 14, 101
-152.58452345368968,470.0, 0.0, 14, 101
-152.58452345368968,458.25, 0.0, 14, 101
-152.58452345368968,446.5, 0.0, 14, 101
-152.58452345368968,434.75, 0.0, 14, 101
-152.58452345368968,423.0, 0.0, 14, 101
-152.58452345368968,411.25, 0.0, 14, 101
-152.58452345368968,399.5, 0.0, 14, 101
-152.58452345368968,387.75, 0.0, 14, 101
-152.58452345368968,376.0, 0.0, 14, 101
-152.58452345368968,364.25, 0.0, 14, 101
-152.58452345368968,352.5, 0.0, 14, 101
-152.58452345368968,340.75, 0.0, 14, 101
-152.58452345368968,329.0, 0.0, 14, 101
-152.58452345368968,317.25, 0.0, 14, 101
-152.58452345368968,305.5, 0.0, 14, 101
-152.58452345368968,293.75, 0.0, 14, 101
-152.58452345368968,282.0, 0.0, 14, 101
-152.58452345368968,270.25, 0.0, 14, 101
-152.58452345368968,258.5, 0.0, 14, 101
-152.58452345368968,246.75, 0.0, 14, 101
-152.58452345368968,235.0, 0.0, 14, 101
-152.58452345368968,223.25, 0.0, 14, 101
-152.58452345368968,211.5, 0.0, 14, 101
-152.58452345368968,199.75, 0.0, 14, 101
-152.58452345368968,188.0, 0.0, 14, 101
-142.4087249592225,487.625, 0.0, 14, 101
-142.4087249592225,475.875, 0.0, 14, 101
-142.4087249592225,464.125, 0.0, 14, 101
-142.4087249592225,452.375, 0.0, 14, 101
-142.4087249592225,440.625, 0.0, 14, 101
-142.4087249592225,428.875, 0.0, 14, 101
-142.4087249592225,417.125, 0.0, 14, 101
-142.4087249592225,405.375, 0.0, 14, 101
-142.4087249592225,393.625, 0.0, 14, 101
-142.4087249592225,381.875, 0.0, 14, 101
-142.4087249592225,370.125, 0.0, 14, 101
-142.4087249592225,358.375, 0.0, 14, 101
-142.4087249592225,346.625, 0.0, 14, 101
-142.4087249592225,334.875, 0.0, 14, 101
-142.4087249592225,323.125, 0.0, 14, 101
-142.4087249592225,311.375, 0.0, 14, 101
-142.4087249592225,299.625, 0.0, 14, 101
-142.4087249592225,287.875, 0.0, 14, 101
-142.4087249592225,276.125, 0.0, 14, 101
-142.4087249592225,264.375, 0.0, 14, 101
-142.4087249592225,252.625, 0.0, 14, 101
-142.4087249592225,240.875, 0.0, 14, 101
-142.4087249592225,229.125, 0.0, 14, 101
-142.4087249592225,217.375, 0.0, 14, 101
-142.4087249592225,205.625, 0.0, 14, 101
-142.4087249592225,193.875, 0.0, 14, 101
-132.2329264647553,493.5, 0.0, 14, 101
-132.2329264647553,481.75, 0.0, 14, 101
-132.2329264647553,470.0, 0.0, 14, 101
-132.2329264647553,458.25, 0.0, 14, 101
-132.2329264647553,446.5, 0.0, 14, 101
-132.2329264647553,434.75, 0.0, 14, 101
-132.2329264647553,423.0, 0.0, 14, 101
-132.2329264647553,411.25, 0.0, 14, 101
-132.2329264647553,399.5, 0.0, 14, 101
-132.2329264647553,387.75, 0.0, 14, 101
-132.2329264647553,376.0, 0.0, 14, 101
-132.2329264647553,364.25, 0.0, 14, 101
-132.2329264647553,352.5, 0.0, 14, 101
-132.2329264647553,340.75, 0.0, 14, 101
-132.2329264647553,329.0, 0.0, 14, 101
-132.2329264647553,317.25, 0.0, 14, 101
-132.2329264647553,305.5, 0.0, 14, 101
-132.2329264647553,293.75, 0.0, 14, 101
-132.2329264647553,282.0, 0.0, 14, 101
-132.2329264647553,270.25, 0.0, 14, 101
-132.2329264647553,258.5, 0.0, 14, 101
-132.2329264647553,246.75, 0.0, 14, 101
-132.2329264647553,235.0, 0.0, 14, 101
-132.2329264647553,223.25, 0.0, 14, 101
-132.2329264647553,211.5, 0.0, 14, 101
-132.2329264647553,199.75, 0.0, 14, 101
-122.0571279702881,499.375, 0.0, 14, 101
-122.0571279702881,487.625, 0.0, 14, 101
-122.0571279702881,475.875, 0.0, 14, 101
-122.0571279702881,464.125, 0.0, 14, 101
-122.0571279702881,452.375, 0.0, 14, 101
-122.0571279702881,440.625, 0.0, 14, 101
-122.0571279702881,428.875, 0.0, 14, 101
-122.0571279702881,417.125, 0.0, 14, 101
-122.0571279702881,405.375, 0.0, 14, 101
-122.0571279702881,393.625, 0.0, 14, 101
-122.0571279702881,381.875, 0.0, 14, 101
-122.0571279702881,370.125, 0.0, 14, 101
-122.0571279702881,358.375, 0.0, 14, 101
-122.0571279702881,346.625, 0.0, 14, 101
-122.0571279702881,334.875, 0.0, 14, 101
-122.0571279702881,323.125, 0.0, 14, 101
-122.0571279702881,311.375, 0.0, 14, 101
-122.0571279702881,299.625, 0.0, 14, 101
-122.0571279702881,287.875, 0.0, 14, 101
-122.0571279702881,276.125, 0.0, 14, 101
-122.0571279702881,264.375, 0.0, 14, 101
-122.0571279702881,252.625, 0.0, 14, 101
-122.0571279702881,240.875, 0.0, 14, 101
-122.0571279702881,229.125, 0.0, 14, 101
-122.0571279702881,217.375, 0.0, 14, 101
-122.0571279702881,205.625, 0.0, 14, 101
-111.88132947582089,505.25, 0.0, 14, 101
-111.88132947582089,493.5, 0.0, 14, 101
-111.88132947582089,481.75, 0.0, 14, 101
-111.88132947582089,470.0, 0.0, 14, 101
-111.88132947582089,458.25, 0.0, 14, 101
-111.88132947582089,446.5, 0.0, 14, 101
-111.88132947582089,434.75, 0.0, 14, 101
-111.88132947582089,423.0, 0.0, 14, 101
-111.88132947582089,411.25, 0.0, 14, 101
-111.88132947582089,399.5, 0.0, 14, 101
-111.88132947582089,387.75, 0.0, 14, 101
-111.88132947582089,376.0, 0.0, 14, 101
-111.88132947582089,364.25, 0.0, 14, 101
-111.88132947582089,352.5, 0.0, 14, 101
-111.88132947582089,340.75, 0.0, 14, 101
-111.88132947582089,329.0, 0.0, 14, 101
-111.88132947582089,317.25, 0.0, 14, 101
-111.88132947582089,305.5, 0.0, 14, 101
-111.88132947582089,293.75, 0.0, 14, 101
-111.88132947582089,282.0, 0.0, 14, 101
-111.88132947582089,270.25, 0.0, 14, 101
-111.88132947582089,258.5, 0.0, 14, 101
-111.88132947582089,246.75, 0.0, 14, 101
-111.88132947582089,235.0, 0.0, 14, 101
-111.88132947582089,223.25, 0.0, 14, 101
-111.88132947582089,211.5, 0.0, 14, 101
-101.7055309813537,499.375, 0.0, 14, 101
-101.7055309813537,487.625, 0.0, 14, 101
-101.7055309813537,475.875, 0.0, 14, 101
-101.7055309813537,464.125, 0.0, 14, 101
-101.7055309813537,452.375, 0.0, 14, 101
-101.7055309813537,440.625, 0.0, 14, 101
-101.7055309813537,428.875, 0.0, 14, 101
-101.7055309813537,417.125, 0.0, 14, 101
-101.7055309813537,405.375, 0.0, 14, 101
-101.7055309813537,393.625, 0.0, 14, 101
-101.7055309813537,381.875, 0.0, 14, 101
-101.7055309813537,370.125, 0.0, 14, 101
-101.7055309813537,358.375, 0.0, 14, 101
-101.7055309813537,346.625, 0.0, 14, 101
-101.7055309813537,334.875, 0.0, 14, 101
-101.7055309813537,323.125, 0.0, 14, 101
-101.7055309813537,311.375, 0.0, 14, 101
-101.7055309813537,299.625, 0.0, 14, 101
-101.7055309813537,287.875, 0.0, 14, 101
-101.7055309813537,276.125, 0.0, 14, 101
-101.7055309813537,264.375, 0.0, 14, 101
-101.7055309813537,252.625, 0.0, 14, 101
-101.7055309813537,240.875, 0.0, 14, 101
-101.7055309813537,229.125, 0.0, 14, 101
-91.5297324868865,505.25, 0.0, 14, 101
-91.5297324868865,493.5, 0.0, 14, 101
-91.5297324868865,481.75, 0.0, 14, 101
-91.5297324868865,470.0, 0.0, 14, 101
-91.5297324868865,458.25, 0.0, 14, 101
-91.5297324868865,446.5, 0.0, 14, 101
-91.5297324868865,434.75, 0.0, 14, 101
-91.5297324868865,423.0, 0.0, 14, 101
-91.5297324868865,411.25, 0.0, 14, 101
-91.5297324868865,399.5, 0.0, 14, 101
-91.5297324868865,387.75, 0.0, 14, 101
-91.5297324868865,376.0, 0.0, 14, 101
-91.5297324868865,364.25, 0.0, 14, 101
-91.5297324868865,352.5, 0.0, 14, 101
-91.5297324868865,340.75, 0.0, 14, 101
-91.5297324868865,329.0, 0.0, 14, 101
-91.5297324868865,317.25, 0.0, 14, 101
-91.5297324868865,305.5, 0.0, 14, 101
-91.5297324868865,293.75, 0.0, 14, 101
-91.5297324868865,282.0, 0.0, 14, 101
-91.5297324868865,270.25, 0.0, 14, 101
-91.5297324868865,258.5, 0.0, 14, 101
-91.5297324868865,246.75, 0.0, 14, 101
-91.5297324868865,235.0, 0.0, 14, 101
-81.3539339924193,511.125, 0.0, 14, 101
-81.3539339924193,499.375, 0.0, 14, 101
-81.3539339924193,487.625, 0.0, 14, 101
-81.3539339924193,475.875, 0.0, 14, 101
-81.3539339924193,464.125, 0.0, 14, 101
-81.3539339924193,452.375, 0.0, 14, 101
-81.3539339924193,440.625, 0.0, 14, 101
-81.3539339924193,428.875, 0.0, 14, 101
-81.3539339924193,417.125, 0.0, 14, 101
-81.3539339924193,405.375, 0.0, 14, 101
-81.3539339924193,393.625, 0.0, 14, 101
-81.3539339924193,381.875, 0.0, 14, 101
-81.3539339924193,370.125, 0.0, 14, 101
-81.3539339924193,358.375, 0.0, 14, 101
-81.3539339924193,346.625, 0.0, 14, 101
-81.3539339924193,334.875, 0.0, 14, 101
-81.3539339924193,323.125, 0.0, 14, 101
-81.3539339924193,311.375, 0.0, 14, 101
-81.3539339924193,299.625, 0.0, 14, 101
-81.3539339924193,287.875, 0.0, 14, 101
-81.3539339924193,276.125, 0.0, 14, 101
-81.3539339924193,264.375, 0.0, 14, 101
-81.3539339924193,252.625, 0.0, 14, 101
-81.3539339924193,240.875, 0.0, 14, 101
-71.1781354979521,505.25, 0.0, 14, 101
-71.1781354979521,493.5, 0.0, 14, 101
-71.1781354979521,481.75, 0.0, 14, 101
-71.1781354979521,470.0, 0.0, 14, 101
-71.1781354979521,458.25, 0.0, 14, 101
-71.1781354979521,446.5, 0.0, 14, 101
-71.1781354979521,434.75, 0.0, 14, 101
-71.1781354979521,423.0, 0.0, 14, 101
-71.1781354979521,411.25, 0.0, 14, 101
-71.1781354979521,399.5, 0.0, 14, 101
-71.1781354979521,387.75, 0.0, 14, 101
-71.1781354979521,376.0, 0.0, 14, 101
-71.1781354979521,364.25, 0.0, 14, 101
-71.1781354979521,352.5, 0.0, 14, 101
-71.1781354979521,340.75, 0.0, 14, 101
-71.1781354979521,329.0, 0.0, 14, 101
-71.1781354979521,317.25, 0.0, 14, 101
-71.1781354979521,305.5, 0.0, 14, 101
-71.1781354979521,293.75, 0.0, 14, 101
-71.1781354979521,282.0, 0.0, 14, 101
-71.1781354979521,270.25, 0.0, 14, 101
-71.1781354979521,258.5, 0.0, 14, 101
-61.002337003484904,511.125, 0.0, 14, 101
-61.002337003484904,499.375, 0.0, 14, 101
-61.002337003484904,487.625, 0.0, 14, 101
-61.002337003484904,475.875, 0.0, 14, 101
-61.002337003484904,464.125, 0.0, 14, 101
-61.002337003484904,452.375, 0.0, 14, 101
-61.002337003484904,440.625, 0.0, 14, 101
-61.002337003484904,428.875, 0.0, 14, 101
-61.002337003484904,417.125, 0.0, 14, 101
-61.002337003484904,405.375, 0.0, 14, 101
-61.002337003484904,393.625, 0.0, 14, 101
-61.002337003484904,381.875, 0.0, 14, 101
-61.002337003484904,370.125, 0.0, 14, 101
-61.002337003484904,358.375, 0.0, 14, 101
-61.002337003484904,346.625, 0.0, 14, 101
-61.002337003484904,334.875, 0.0, 14, 101
-61.002337003484904,323.125, 0.0, 14, 101
-61.002337003484904,311.375, 0.0, 14, 101
-61.002337003484904,299.625, 0.0, 14, 101
-61.002337003484904,287.875, 0.0, 14, 101
-61.002337003484904,276.125, 0.0, 14, 101
-61.002337003484904,264.375, 0.0, 14, 101
-50.8265385090177,505.25, 0.0, 14, 101
-50.8265385090177,493.5, 0.0, 14, 101
-50.8265385090177,481.75, 0.0, 14, 101
-50.8265385090177,470.0, 0.0, 14, 101
-50.8265385090177,458.25, 0.0, 14, 101
-50.8265385090177,446.5, 0.0, 14, 101
-50.8265385090177,434.75, 0.0, 14, 101
-50.8265385090177,423.0, 0.0, 14, 101
-50.8265385090177,411.25, 0.0, 14, 101
-50.8265385090177,399.5, 0.0, 14, 101
-50.8265385090177,387.75, 0.0, 14, 101
-50.8265385090177,376.0, 0.0, 14, 101
-50.8265385090177,364.25, 0.0, 14, 101
-50.8265385090177,352.5, 0.0, 14, 101
-50.8265385090177,340.75, 0.0, 14, 101
-50.8265385090177,329.0, 0.0, 14, 101
-50.8265385090177,317.25, 0.0, 14, 101
-50.8265385090177,305.5, 0.0, 14, 101
-50.8265385090177,293.75, 0.0, 14, 101
-50.8265385090177,282.0, 0.0, 14, 101
-50.8265385090177,270.25, 0.0, 14, 101
-40.6507400145505,511.125, 0.0, 14, 101
-40.6507400145505,499.375, 0.0, 14, 101
-40.6507400145505,487.625, 0.0, 14, 101
-40.6507400145505,475.875, 0.0, 14, 101
-40.6507400145505,464.125, 0.0, 14, 101
-40.6507400145505,452.375, 0.0, 14, 101
-40.6507400145505,440.625, 0.0, 14, 101
-40.6507400145505,428.875, 0.0, 14, 101
-40.6507400145505,417.125, 0.0, 14, 101
-40.6507400145505,405.375, 0.0, 14, 101
-40.6507400145505,393.625, 0.0, 14, 101
-40.6507400145505,381.875, 0.0, 14, 101
-40.6507400145505,370.125, 0.0, 14, 101
-40.6507400145505,358.375, 0.0, 14, 101
-40.6507400145505,346.625, 0.0, 14, 101
-40.6507400145505,334.875, 0.0, 14, 101
-40.6507400145505,323.125, 0.0, 14, 101
-40.6507400145505,311.375, 0.0, 14, 101
-40.6507400145505,299.625, 0.0, 14, 101
-40.6507400145505,287.875, 0.0, 14, 101
-40.6507400145505,276.125, 0.0, 14, 101
-30.474941520083306,505.25, 0.0, 14, 101
-30.474941520083306,493.5, 0.0, 14, 101
-30.474941520083306,481.75, 0.0, 14, 101
-30.474941520083306,470.0, 0.0, 14, 101
-30.474941520083306,458.25, 0.0, 14, 101
-30.474941520083306,446.5, 0.0, 14, 101
-30.474941520083306,434.75, 0.0, 14, 101
-30.474941520083306,423.0, 0.0, 14, 101
-30.474941520083306,411.25, 0.0, 14, 101
-30.474941520083306,399.5, 0.0, 14, 101
-30.474941520083306,387.75, 0.0, 14, 101
-30.474941520083306,376.0, 0.0, 14, 101
-30.474941520083306,364.25, 0.0, 14, 101
-30.474941520083306,352.5, 0.0, 14, 101
-30.474941520083306,340.75, 0.0, 14, 101
-30.474941520083306,329.0, 0.0, 14, 101
-30.474941520083306,317.25, 0.0, 14, 101
-30.474941520083306,305.5, 0.0, 14, 101
-30.474941520083306,293.75, 0.0, 14, 101
-20.299143025616104,499.375, 0.0, 14, 101
-20.299143025616104,487.625, 0.0, 14, 101
-20.299143025616104,475.875, 0.0, 14, 101
-20.299143025616104,464.125, 0.0, 14, 101
-20.299143025616104,452.375, 0.0, 14, 101
-20.299143025616104,440.625, 0.0, 14, 101
-20.299143025616104,428.875, 0.0, 14, 101
-20.299143025616104,417.125, 0.0, 14, 101
-20.299143025616104,405.375, 0.0, 14, 101
-20.299143025616104,393.625, 0.0, 14, 101
-20.299143025616104,381.875, 0.0, 14, 101
-20.299143025616104,370.125, 0.0, 14, 101
-20.299143025616104,358.375, 0.0, 14, 101
-20.299143025616104,346.625, 0.0, 14, 101
-20.299143025616104,334.875, 0.0, 14, 101
-20.299143025616104,323.125, 0.0, 14, 101
-20.299143025616104,311.375, 0.0, 14, 101
-10.123344531148906,493.5, 0.0, 14, 101
-10.123344531148906,481.75, 0.0, 14, 101
-10.123344531148906,470.0, 0.0, 14, 101
-10.123344531148906,458.25, 0.0, 14, 101
-10.123344531148906,446.5, 0.0, 14, 101
-10.123344531148906,434.75, 0.0, 14, 101
-10.123344531148906,423.0, 0.0, 14, 101
-10.123344531148906,411.25, 0.0, 14, 101
-10.123344531148906,399.5, 0.0, 14, 101
-10.123344531148906,387.75, 0.0, 14, 101
-10.123344531148906,376.0, 0.0, 14, 101
-10.123344531148906,364.25, 0.0, 14, 101
-10.123344531148906,352.5, 0.0, 14, 101
-10.123344531148906,340.75, 0.0, 14, 101
-10.123344531148906,329.0, 0.0, 14, 101
0.052453963318293974,499.375, 0.0, 14, 101
0.052453963318293974,487.625, 0.0, 14, 101
0.052453963318293974,475.875, 0.0, 14, 101
0.052453963318293974,464.125, 0.0, 14, 101
0.052453963318293974,452.375, 0.0, 14, 101
0.052453963318293974,440.625, 0.0, 14, 101
0.052453963318293974,428.875, 0.0, 14, 101
0.052453963318293974,417.125, 0.0, 14, 101
0.052453963318293974,405.375, 0.0, 14, 101
0.052453963318293974,393.625, 0.0, 14, 101
0.052453963318293974,381.875, 0.0, 14, 101
0.052453963318293974,370.125, 0.0, 14, 101
0.052453963318293974,358.375, 0.0, 14, 101
0.052453963318293974,346.625, 0.0, 14, 101
10.228252457785493,481.75, 0.0, 14, 101
10.228252457785493,470.0, 0.0, 14, 101
10.228252457785493,458.25, 0.0, 14, 101
10.228252457785493,446.5, 0.0, 14, 101
10.228252457785493,434.75, 0.0, 14, 101
10.228252457785493,423.0, 0.0, 14, 101
10.228252457785493,411.25, 0.0, 14, 101
10.228252457785493,399.5, 0.0, 14, 101
10.228252457785493,387.75, 0.0, 14, 101
10.228252457785493,376.0, 0.0, 14, 101
10.228252457785493,364.25, 0.0, 14, 101
20.404050952252692,475.875, 0.0, 14, 101
20.404050952252692,464.125, 0.0, 14, 101
20.404050952252692,452.375, 0.0, 14, 101
20.404050952252692,440.625, 0.0, 14, 101
20.404050952252692,428.875, 0.0, 14, 101
20.404050952252692,417.125, 0.0, 14, 101
20.404050952252692,405.375, 0.0, 14, 101
20.404050952252692,393.625, 0.0, 14, 101
20.404050952252692,381.875, 0.0, 14, 101
20.404050952252692,370.125, 0.0, 14, 101
30.57984944671989,458.25, 0.0, 14, 101
30.57984944671989,446.5, 0.0, 14, 101
30.57984944671989,434.75, 0.0, 14, 101
30.57984944671989,423.0, 0.0, 14, 101
30.57984944671989,411.25, 0.0, 14, 101
30.57984944671989,399.5, 0.0, 14, 101
40.75564794118709,440.625, 0.0, 14, 101
40.75564794118709,428.875, 0.0, 14, 101
101.81043890799029,287.875, 0.0, 14, 102
101.81043890799029,276.125, 0.0, 14, 102
101.81043890799029,264.375, 0.0, 14, 102
101.81043890799029,252.625, 0.0, 14, 102
101.81043890799029,240.875, 0.0, 14, 102
101.81043890799029,229.125, 0.0, 14, 102
101.81043890799029,217.375, 0.0, 14, 102
111.98623740245749,317.25, 0.0, 14, 102
111.98623740245749,305.5, 0.0, 14, 102
111.98623740245749,293.75, 0.0, 14, 102
111.98623740245749,282.0, 0.0, 14, 102
111.98623740245749,270.25, 0.0, 14, 102
111.98623740245749,258.5, 0.0, 14, 102
111.98623740245749,246.75, 0.0, 14, 102
111.98623740245749,235.0, 0.0, 14, 102
111.98623740245749,223.25, 0.0, 14, 102
111.98623740245749,211.5, 0.0, 14, 102
122.16203589692469,323.125, 0.0, 14, 102
122.16203589692469,311.375, 0.0, 14, 102
122.16203589692469,299.625, 0.0, 14, 102
122.16203589692469,287.875, 0.0, 14, 102
122.16203589692469,276.125, 0.0, 14, 102
122.16203589692469,264.375, 0.0, 14, 102
122.16203589692469,252.625, 0.0, 14, 102
122.16203589692469,240.875, 0.0, 14, 102
122.16203589692469,229.125, 0.0, 14, 102
122.16203589692469,217.375, 0.0, 14, 102
122.16203589692469,205.625, 0.0, 14, 102
132.33783439139188,340.75, 0.0, 14, 102
132.33783439139188,329.0, 0.0, 14, 102
132.33783439139188,317.25, 0.0, 14, 102
132.33783439139188,305.5, 0.0, 14, 102
132.33783439139188,293.75, 0.0, 14, 102
132.33783439139188,282.0, 0.0, 14, 102
132.33783439139188,270.25, 0.0, 14, 102
132.33783439139188,258.5, 0.0, 14, 102
132.33783439139188,246.75, 0.0, 14, 102
132.33783439139188,235.0, 0.0, 14, 102
132.33783439139188,223.25, 0.0, 14, 102
132.33783439139188,211.5, 0.0, 14, 102
132.33783439139188,199.75, 0.0, 14, 102
142.5136328858591,346.625, 0.0, 14, 102
142.5136328858591,334.875, 0.0, 14, 102
142.5136328858591,323.125, 0.0, 14, 102
142.5136328858591,311.375, 0.0, 14, 102
142.5136328858591,299.625, 0.0, 14, 102
142.5136328858591,287.875, 0.0, 14, 102
142.5136328858591,276.125, 0.0, 14, 102
142.5136328858591,264.375, 0.0, 14, 102
142.5136328858591,252.625, 0.0, 14, 102
142.5136328858591,240.875, 0.0, 14, 102
142.5136328858591,229.125, 0.0, 14, 102
142.5136328858591,217.375, 0.0, 14, 102
142.5136328858591,205.625, 0.0, 14, 102
142.5136328858591,193.875, 0.0, 14, 102
152.68943138032628,352.5, 0.0, 14, 102
152.68943138032628,340.75, 0.0, 14, 102
152.68943138032628,329.0, 0.0, 14, 102
152.68943138032628,317.25, 0.0, 14, 102
152.68943138032628,305.5, 0.0, 14, 102
152.68943138032628,293.75, 0.0, 14, 102
152.68943138032628,282.0, 0.0, 14, 102
152.68943138032628,270.25, 0.0, 14, 102
152.68943138032628,258.5, 0.0, 14, 102
152.68943138032628,246.75, 0.0, 14, 102
152.68943138032628,235.0, 0.0, 14, 102
152.68943138032628,223.25, 0.0, 14, 102
152.68943138032628,211.5, 0.0, 14, 102
152.68943138032628,199.75, 0.0, 14, 102
152.68943138032628,188.0, 0.0, 14, 102
162.86522987479347,358.375, 0.0, 14, 102
162.86522987479347,346.625, 0.0, 14, 102
162.86522987479347,334.875, 0.0, 14, 102
162.86522987479347,323.125, 0.0, 14, 102
162.86522987479347,311.375, 0.0, 14, 102
162.86522987479347,299.625, 0.0, 14, 102
162.86522987479347,287.875, 0.0, 14, 102
162.86522987479347,276.125, 0.0, 14, 102
162.86522987479347,264.375, 0.0, 14, 102
162.86522987479347,252.625, 0.0, 14, 102
162.86522987479347,240.875, 0.0, 14, 102
162.86522987479347,229.125, 0.0, 14, 102
162.86522987479347,217.375, 0.0, 14, 102
162.86522987479347,205.625, 0.0, 14, 102
162.86522987479347,193.875, 0.0, 14, 102
162.86522987479347,182.125, 0.0, 14, 102
173.0410283692607,364.25, 0.0, 14, 102
173.0410283692607,352.5, 0.0, 14, 102
173.0410283692607,340.75, 0.0, 14, 102
173.0410283692607,329.0, 0.0, 14, 102
173.0410283692607,317.25, 0.0, 14, 102
173.0410283692607,305.5, 0.0, 14, 102
173.0410283692607,293.75, 0.0, 14, 102
173.0410283692607,282.0, 0.0, 14, 102
173.0410283692607,270.25, 0.0, 14, 102
173.0410283692607,258.5, 0.0, 14, 102
173.0410283692607,246.75, 0.0, 14, 102
173.0410283692607,235.0, 0.0, 14, 102
173.0410283692607,223.25, 0.0, 14, 102
173.0410283692607,211.5, 0.0, 14, 102
173.0410283692607,199.75, 0.0, 14, 102
173.0410283692607,188.0, 0.0, 14, 102
173.0410283692607,176.25, 0.0, 14, 102
183.21682686372787,370.125, 0.0, 14, 102
183.21682686372787,358.375, 0.0, 14, 102
183.21682686372787,346.625, 0.0, 14, 102
183.21682686372787,334.875, 0.0, 14, 102
183.21682686372787,323.125, 0.0, 14, 102
183.21682686372787,311.375, 0.0, 14, 102
183.21682686372787,299.625, 0.0, 14, 102
183.21682686372787,287.875, 0.0, 14, 102
183.21682686372787,276.125, 0.0, 14, 102
183.21682686372787,264.375, 0.0, 14, 102
183.21682686372787,252.625, 0.0, 14, 102
183.21682686372787,240.875, 0.0, 14, 102
183.21682686372787,229.125, 0.0, 14, 102
183.21682686372787,217.375, 0.0, 14, 102
183.21682686372787,205.625, 0.0, 14, 102
183.21682686372787,193.875, 0.0, 14, 102
183.21682686372787,182.125, 0.0, 14, 102
193.3926253581951,376.0, 0.0, 14, 102
193.3926253581951,364.25, 0.0, 14, 102
193.3926253581951,352.5, 0.0, 14, 102
193.3926253581951,340.75, 0.0, 14, 102
193.3926253581951,329.0, 0.0, 14, 102
193.3926253581951,317.25, 0.0, 14, 102
193.3926253581951,305.5, 0.0, 14, 102
193.3926253581951,293.75, 0.0, 14, 102
193.3926253581951,282.0, 0.0, 14, 102
193.3926253581951,270.25, 0.0, 14, 102
193.3926253581951,258.5, 0.0, 14, 102
193.3926253581951,246.75, 0.0, 14, 102
193.3926253581951,235.0, 0.0, 14, 102
193.3926253581951,223.25, 0.0, 14, 102
193.3926253581951,211.5, 0.0, 14, 102
193.3926253581951,199.75, 0.0, 14, 102
193.3926253581951,188.0, 0.0, 14, 102
193.3926253581951,176.25, 0.0, 14, 102
203.56842385266228,381.875, 0.0, 14, 102
203.56842385266228,370.125, 0.0, 14, 102
203.56842385266228,358.375, 0.0, 14, 102
203.56842385266228,346.625, 0.0, 14, 102
203.56842385266228,334.875, 0.0, 14, 102
203.56842385266228,323.125, 0.0, 14, 102
203.56842385266228,311.375, 0.0, 14, 102
203.56842385266228,299.625, 0.0, 14, 102
203.56842385266228,287.875, 0.0, 14, 102
203.56842385266228,276.125, 0.0, 14, 102
203.56842385266228,264.375, 0.0, 14, 102
203.56842385266228,252.625, 0.0, 14, 102
203.56842385266228,240.875, 0.0, 14, 102
203.56842385266228,229.125, 0.0, 14, 102
203.56842385266228,217.375, 0.0, 14, 102
203.56842385266228,205.625, 0.0, 14, 102
203.56842385266228,193.875, 0.0, 14, 102
203.56842385266228,182.125, 0.0, 14, 102
203.56842385266228,170.375, 0.0, 14, 102
213.74422234712947,376.0, 0.0, 14, 102
213.74422234712947,364.25, 0.0, 14, 102
213.74422234712947,352.5, 0.0, 14, 102
213.74422234712947,340.75, 0.0, 14, 102
213.74422234712947,329.0, 0.0, 14, 102
213.74422234712947,317.25, 0.0, 14, 102
213.74422234712947,305.5, 0.0, 14, 102
213.74422234712947,293.75, 0.0, 14, 102
213.74422234712947,282.0, 0.0, 14, 102
213.74422234712947,270.25, 0.0, 14, 102
213.74422234712947,258.5, 0.0, 14, 102
213.74422234712947,246.75, 0.0, 14, 102
213.74422234712947,235.0, 0.0, 14, 102
213.74422234712947,223.25, 0.0, 14, 102
213.74422234712947,211.5, 0.0, 14, 102
213.74422234712947,199.75, 0.0, 14, 102
213.74422234712947,188.0, 0.0, 14, 102
213.74422234712947,176.25, 0.0, 14, 102
213.74422234712947,164.5, 0.0, 14, 102
223.92002084159668,381.875, 0.0, 14, 102
223.92002084159668,370.125, 0.0, 14, 102
223.92002084159668,358.375, 0.0, 14, 102
223.92002084159668,346.625, 0.0, 14, 102
223.92002084159668,334.875, 0.0, 14, 102
223.92002084159668,323.125, 0.0, 14, 102
223.92002084159668,311.375, 0.0, 14, 102
223.92002084159668,299.625, 0.0, 14, 102
223.92002084159668,287.875, 0.0, 14, 102
223.92002084159668,276.125, 0.0, 14, 102
223.92002084159668,264.375, 0.0, 14, 102
223.92002084159668,252.625, 0.0, 14, 102
223.92002084159668,240.875, 0.0, 14, 102
223.92002084159668,229.125, 0.0, 14, 102
223.92002084159668,217.375, 0.0, 14, 102
223.92002084159668,205.625, 0.0, 14, 102
223.92002084159668,193.875, 0.0, 14, 102
223.92002084159668,182.125, 0.0, 14, 102
223.92002084159668,170.375, 0.0, 14, 102
234.09581933606387,387.75, 0.0, 14, 102
234.09581933606387,376.0, 0.0, 14, 102
234.09581933606387,364.25, 0.0, 14, 102
234.09581933606387,352.5, 0.0, 14, 102
234.09581933606387,340.75, 0.0, 14, 102
234.09581933606387,329.0, 0.0, 14, 102
234.09581933606387,317.25, 0.0, 14, 102
234.09581933606387,305.5, 0.0, 14, 102
234.09581933606387,293.75, 0.0, 14, 102
234.09581933606387,282.0, 0.0, 14, 102
234.09581933606387,270.25, 0.0, 14, 102
234.09581933606387,258.5, 0.0, 14, 102
234.09581933606387,246.75, 0.0, 14, 102
234.09581933606387,235.0, 0.0, 14, 102
234.09581933606387,223.25, 0.0, 14, 102
234.09581933606387,211.5, 0.0, 14, 102
234.09581933606387,199.75, 0.0, 14, 102
234.09581933606387,188.0, 0.0, 14, 102
234.09581933606387,176.25, 0.0, 14, 102
244.27161783053108,393.625, 0.0, 14, 102
244.27161783053108,381.875, 0.0, 14, 102
244.27161783053108,370.125, 0.0, 14, 102
244.27161783053108,358.375, 0.0, 14, 102
244.27161783053108,346.625, 0.0, 14, 102
244.27161783053108,334.875, 0.0, 14, 102
244.27161783053108,323.125, 0.0, 14, 102
244.27161783053108,311.375, 0.0, 14, 102
244.27161783053108,299.625, 0.0, 14, 102
244.27161783053108,287.875, 0.0, 14, 102
244.27161783053108,276.125, 0.0, 14, 102
244.27161783053108,264.375, 0.0, 14, 102
244.27161783053108,252.625, 0.0, 14, 102
244.27161783053108,240.875, 0.0, 14, 102
244.27161783053108,229.125, 0.0, 14, 102
244.27161783053108,217.375, 0.0, 14, 102
244.27161783053108,205.625, 0.0, 14, 102
244.27161783053108,193.875, 0.0, 14, 102
244.27161783053108,182.125, 0.0, 14, 102
244.27161783053108,170.375, 0.0, 14, 102
254.44741632499827,387.75, 0.0, 14, 102
254.44741632499827,376.0, 0.0, 14, 102
254.44741632499827,364.25, 0.0, 14, 102
254.44741632499827,352.5, 0.0, 14, 102
254.44741632499827,340.75, 0.0, 14, 102
254.44741632499827,329.0, 0.0, 14, 102
254.44741632499827,317.25, 0.0, 14, 102
254.44741632499827,305.5, 0.0, 14, 102
254.44741632499827,293.75, 0.0, 14, 102
254.44741632499827,282.0, 0.0, 14, 102
254.44741632499827,270.25, 0.0, 14, 102
254.44741632499827,258.5, 0.0, 14, 102
254.44741632499827,246.75, 0.0, 14, 102
254.44741632499827,235.0, 0.0, 14, 102
254.44741632499827,223.25, 0.0, 14, 102
254.44741632499827,211.5, 0.0, 14, 102
254.44741632499827,199.75, 0.0, 14, 102
254.44741632499827,188.0, 0.0, 14, 102
254.44741632499827,176.25, 0.0, 14, 102
264.6232148194655,393.625, 0.0, 14, 102
264.6232148194655,381.875, 0.0, 14, 102
264.6232148194655,370.125, 0.0, 14, 102
264.6232148194655,358.375, 0.0, 14, 102
264.6232148194655,346.625, 0.0, 14, 102
264.6232148194655,334.875, 0.0, 14, 102
264.6232148194655,323.125, 0.0, 14, 102
264.6232148194655,311.375, 0.0, 14, 102
264.6232148194655,299.625, 0.0, 14, 102
264.6232148194655,287.875, 0.0, 14, 102
264.6232148194655,276.125, 0.0, 14, 102
264.6232148194655,264.375, 0.0, 14, 102
264.6232148194655,252.625, 0.0, 14, 102
264.6232148194655,240.875, 0.0, 14, 102
264.6232148194655,229.125, 0.0, 14, 102
264.6232148194655,217.375, 0.0, 14, 102
264.6232148194655,205.625, 0.0, 14, 102
264.6232148194655,193.875, 0.0, 14, 102
264.6232148194655,182.125, 0.0, 14, 102
274.7990133139327,387.75, 0.0, 14, 102
274.7990133139327,376.0, 0.0, 14, 102
274.7990133139327,364.25, 0.0, 14, 102
274.7990133139327,352.5, 0.0, 14, 102
274.7990133139327,340.75, 0.0, 14, 102
274.7990133139327,329.0, 0.0, 14, 102
274.7990133139327,317.25, 0.0, 14, 102
274.7990133139327,305.5, 0.0, 14, 102
274.7990133139327,293.75, 0.0, 14, 102
274.7990133139327,282.0, 0.0, 14, 102
274.7990133139327,270.25, 0.0, 14, 102
274.7990133139327,258.5, 0.0, 14, 102
274.7990133139327,246.75, 0.0, 14, 102
274.7990133139327,235.0, 0.0, 14, 102
274.7990133139327,223.25, 0.0, 14, 102
274.7990133139327,211.5, 0.0, 14, 102
274.7990133139327,199.75, 0.0, 14, 102
284.97481180839986,393.625, 0.0, 14, 102
284.97481180839986,381.875, 0.0, 14, 102
284.97481180839986,370.125, 0.0, 14, 102
284.97481180839986,358.375, 0.0, 14, 102
284.97481180839986,346.625, 0.0, 14, 102
284.97481180839986,334.875, 0.0, 14, 102
284.97481180839986,323.125, 0.0, 14, 102
284.97481180839986,311.375, 0.0, 14, 102
284.97481180839986,299.625, 0.0, 14, 102
284.97481180839986,287.875, 0.0, 14, 102
284.97481180839986,276.125, 0.0, 14, 102
284.97481180839986,264.375, 0.0, 14, 102
284.97481180839986,252.625, 0.0, 14, 102
284.97481180839986,240.875, 0.0, 14, 102
284.97481180839986,229.125, 0.0, 14, 102
284.97481180839986,217.375, 0.0, 14, 102
284.97481180839986,205.625, 0.0, 14, 102
295.15061030286705,399.5, 0.0, 14, 102
295.15061030286705,387.75, 0.0, 14, 102
295.15061030286705,376.0, 0.0, 14, 102
295.15061030286705,364.25, 0.0, 14, 102
295.15061030286705,352.5, 0.0, 14, 102
295.15061030286705,340.75, 0.0, 14, 102
295.15061030286705,329.0, 0.0, 14, 102
295.15061030286705,317.25, 0.0, 14, 102
295.15061030286705,305.5, 0.0, 14, 102
295.15061030286705,293.75, 0.0, 14, 102
295.15061030286705,282.0, 0.0, 14, 102
295.15061030286705,270.25, 0.0, 14, 102
295.15061030286705,258.5, 0.0, 14, 102
295.15061030286705,246.75, 0.0, 14, 102
295.15061030286705,235.0, 0.0, 14, 102
295.15061030286705,223.25, 0.0, 14, 102
295.15061030286705,211.5, 0.0, 14, 102
305.3264087973343,393.625, 0.0, 14, 102
305.3264087973343,381.875, 0.0, 14, 102
305.3264087973343,370.125, 0.0, 14, 102
305.3264087973343,358.375, 0.0, 14, 102
305.3264087973343,346.625, 0.0, 14, 102
305.3264087973343,334.875, 0.0, 14, 102
305.3264087973343,323.125, 0.0, 14, 102
305.3264087973343,311.375, 0.0, 14, 102
305.3264087973343,299.625, 0.0, 14, 102
305.3264087973343,287.875, 0.0, 14, 102
305.3264087973343,276.125, 0.0, 14, 102
305.3264087973343,264.375, 0.0, 14, 102
305.3264087973343,252.625, 0.0, 14, 102
305.3264087973343,240.875, 0.0, 14, 102
305.3264087973343,229.125, 0.0, 14, 102
305.3264087973343,217.375, 0.0, 14, 102
315.5022072918015,387.75, 0.0, 14, 102
315.5022072918015,376.0, 0.0, 14, 102
315.5022072918015,364.25, 0.0, 14, 102
315.5022072918015,352.5, 0.0, 14, 102
315.5022072918015,340.75, 0.0, 14, 102
315.5022072918015,329.0, 0.0, 14, 102
315.5022072918015,317.25, 0.0, 14, 102
315.5022072918015,305.5, 0.0, 14, 102
315.5022072918015,293.75, 0.0, 14, 102
315.5022072918015,282.0, 0.0, 14, 102
315.5022072918015,270.25, 0.0, 14, 102
315.5022072918015,258.5, 0.0, 14, 102
315.5022072918015,246.75, 0.0, 14, 102
315.5022072918015,235.0, 0.0, 14, 102
315.5022072918015,223.25, 0.0, 14, 102
325.67800578626867,393.625, 0.0, 14, 102
325.67800578626867,381.875, 0.0, 14, 102
325.67800578626867,370.125, 0.0, 14, 102
325.67800578626867,358.375, 0.0, 14, 102
325.67800578626867,346.625, 0.0, 14, 102
325.67800578626867,334.875, 0.0, 14, 102
325.67800578626867,323.125, 0.0, 14, 102
325.67800578626867,311.375, 0.0, 14, 102
325.67800578626867,299.625, 0.0, 14, 102
325.67800578626867,287.875, 0.0, 14, 102
325.67800578626867,276.125, 0.0, 14, 102
325.67800578626867,264.375, 0.0, 14, 102
325.67800578626867,252.625, 0.0, 14, 102
325.67800578626867,240.875, 0.0, 14, 102
325.67800578626867,229.125, 0.0, 14, 102
335.85380428073586,387.75, 0.0, 14, 102
335.85380428073586,376.0, 0.0, 14, 102
335.85380428073586,364.25, 0.0, 14, 102
335.85380428073586,352.5, 0.0, 14, 102
335.85380428073586,340.75, 0.0, 14, 102
335.85380428073586,329.0, 0.0, 14, 102
335.85380428073586,317.25, 0.0, 14, 102
335.85380428073586,305.5, 0.0, 14, 102
335.85380428073586,293.75, 0.0, 14, 102
335.85380428073586,282.0, 0.0, 14, 102
335.85380428073586,270.25, 0.0, 14, 102
335.85380428073586,258.5, 0.0, 14, 102
335.85380428073586,246.75, 0.0, 14, 102
335.85380428073586,235.0, 0.0, 14, 102
335.85380428073586,223.25, 0.0, 14, 102
346.02960277520305,381.875, 0.0, 14, 102
346.02960277520305,370.125, 0.0, 14, 102
346.02960277520305,358.375, 0.0, 14, 102
346.02960277520305,346.625, 0.0, 14, 102
346.02960277520305,334.875, 0.0, 14, 102
346.02960277520305,323.125, 0.0, 14, 102
346.02960277520305,311.375, 0.0, 14, 102
346.02960277520305,299.625, 0.0, 14, 102
346.02960277520305,287.875, 0.0, 14, 102
346.02960277520305,276.125, 0.0, 14, 102
346.02960277520305,264.375, 0.0, 14, 102
346.02960277520305,252.625, 0.0, 14, 102
346.02960277520305,240.875, 0.0, 14, 102
346.02960277520305,229.125, 0.0, 14, 102
356.2054012696703,376.0, 0.0, 14, 102
356.2054012696703,364.25, 0.0, 14, 102
356.2054012696703,352.5, 0.0, 14, 102
356.2054012696703,340.75, 0.0, 14, 102
356.2054012696703,329.0, 0.0, 14, 102
356.2054012696703,317.25, 0.0, 14, 102
356.2054012696703,305.5, 0.0, 14, 102
356.2054012696703,293.75, 0.0, 14, 102
356.2054012696703,282.0, 0.0, 14, 102
356.2054012696703,270.25, 0.0, 14, 102
356.2054012696703,258.5, 0.0, 14, 102
356.2054012696703,246.75, 0.0, 14, 102
356.2054012696703,235.0, 0.0, 14, 102
366.3811997641375,370.125, 0.0, 14, 102
366.3811997641375,358.375, 0.0, 14, 102
366.3811997641375,346.625, 0.0, 14, 102
366.3811997641375,334.875, 0.0, 14, 102
366.3811997641375,323.125, 0.0, 14, 102
366.3811997641375,311.375, 0.0, 14, 102
366.3811997641375,299.625, 0.0, 14, 102
366.3811997641375,287.875, 0.0, 14, 102
366.3811997641375,276.125, 0.0, 14, 102
366.3811997641375,264.375, 0.0, 14, 102
366.3811997641375,252.625, 0.0, 14, 102
366.3811997641375,240.875, 0.0, 14, 102
376.55699825860466,364.25, 0.0, 14, 102
376.55699825860466,352.5, 0.0, 14, 102
376.55699825860466,340.75, 0.0, 14, 102
376.55699825860466,329.0, 0.0, 14, 102
376.55699825860466,317.25, 0.0, 14, 102
376.55699825860466,305.5, 0.0, 14, 102
376.55699825860466,293.75, 0.0, 14, 102
376.55699825860466,282.0, 0.0, 14, 102
376.55699825860466,270.25, 0.0, 14, 102
376.55699825860466,258.5, 0.0, 14, 102
376.55699825860466,246.75, 0.0, 14, 102
386.73279675307185,358.375, 0.0, 14, 102
386.73279675307185,346.625, 0.0, 14, 102
386.73279675307185,334.875, 0.0, 14, 102
386.73279675307185,323.125, 0.0, 14, 102
386.73279675307185,311.375, 0.0, 14, 102
386.73279675307185,299.625, 0.0, 14, 102
386.73279675307185,287.875, 0.0, 14, 102
386.73279675307185,276.125, 0.0, 14, 102
386.73279675307185,264.375, 0.0, 14, 102
386.73279675307185,252.625, 0.0, 14, 102
396.90859524753904,352.5, 0.0, 14, 102
396.90859524753904,340.75, 0.0, 14, 102
396.90859524753904,329.0, 0.0, 14, 102
396.90859524753904,317.25, 0.0, 14, 102
396.90859524753904,305.5, 0.0, 14, 102
396.90859524753904,293.75, 0.0, 14, 102
396.90859524753904,282.0, 0.0, 14, 102
396.90859524753904,270.25, 0.0, 14, 102
396.90859524753904,258.5, 0.0, 14, 102
407.0843937420063,346.625, 0.0, 14, 102
407.0843937420063,334.875, 0.0, 14, 102
407.0843937420063,323.125, 0.0, 14, 102
407.0843937420063,311.375, 0.0, 14, 102
407.0843937420063,299.625, 0.0, 14, 102
407.0843937420063,287.875, 0.0, 14, 102
407.0843937420063,276.125, 0.0, 14, 102
407.0843937420063,264.375, 0.0, 14, 102
417.2601922364735,340.75, 0.0, 14, 102
417.2601922364735,329.0, 0.0, 14, 102
417.2601922364735,317.25, 0.0, 14, 102
417.2601922364735,305.5, 0.0, 14, 102
417.2601922364735,293.75, 0.0, 14, 102
417.2601922364735,282.0, 0.0, 14, 102
417.2601922364735,270.25, 0.0, 14, 102
417.2601922364735,258.5, 0.0, 14, 102
427.43599073094066,334.875, 0.0, 14, 102
427.43599073094066,323.125, 0.0, 14, 102
427.43599073094066,311.375, 0.0, 14, 102
427.43599073094066,299.625, 0.0, 14, 102
427.43599073094066,287.875, 0.0, 14, 102
427.43599073094066,276.125, 0.0, 14, 102
427.43599073094066,264.375, 0.0, 14, 102
437.61178922540785,329.0, 0.0, 14, 102
437.61178922540785,317.25, 0.0, 14, 102
437.61178922540785,305.5, 0.0, 14, 102
437.61178922540785,293.75, 0.0, 14, 102
437.61178922540785,282.0, 0.0, 14, 102
437.61178922540785,270.25, 0.0, 14, 102
447.78758771987503,323.125, 0.0, 14, 102
447.78758771987503,311.375, 0.0, 14, 102
447.78758771987503,299.625, 0.0, 14, 102
447.78758771987503,287.875, 0.0, 14, 102
203.56842385266228,-123.375, 0.0, 14, 103
213.74422234712947,-105.75, 0.0, 14, 103
213.74422234712947,-117.5, 0.0, 14, 103
213.74422234712947,-129.25, 0.0, 14, 103
213.74422234712947,-141.0, 0.0, 14, 103
213.74422234712947,-152.75, 0.0, 14, 103
223.92002084159668,-64.625, 0.0, 14, 103
223.92002084159668,-88.125, 0.0, 14, 103
223.92002084159668,-99.875, 0.0, 14, 103
223.92002084159668,-111.625, 0.0, 14, 103
223.92002084159668,-123.375, 0.0, 14, 103
223.92002084159668,-135.125, 0.0, 14, 103
223.92002084159668,-146.875, 0.0, 14, 103
223.92002084159668,-158.625, 0.0, 14, 103
223.92002084159668,-170.375, 0.0, 14, 103
234.09581933606387,-47.0, 0.0, 14, 103
234.09581933606387,-58.75, 0.0, 14, 103
234.09581933606387,-70.5, 0.0, 14, 103
234.09581933606387,-82.25, 0.0, 14, 103
234.09581933606387,-94.0, 0.0, 14, 103
234.09581933606387,-105.75, 0.0, 14, 103
234.09581933606387,-117.5, 0.0, 14, 103
234.09581933606387,-129.25, 0.0, 14, 103
234.09581933606387,-141.0, 0.0, 14, 103
234.09581933606387,-152.75, 0.0, 14, 103
234.09581933606387,-164.5, 0.0, 14, 103
234.09581933606387,-176.25, 0.0, 14, 103
244.27161783053108,-41.125, 0.0, 14, 103
244.27161783053108,-52.875, 0.0, 14, 103
244.27161783053108,-64.625, 0.0, 14, 103
244.27161783053108,-76.375, 0.0, 14, 103
244.27161783053108,-88.125, 0.0, 14, 103
244.27161783053108,-99.875, 0.0, 14, 103
244.27161783053108,-111.625, 0.0, 14, 103
244.27161783053108,-123.375, 0.0, 14, 103
244.27161783053108,-135.125, 0.0, 14, 103
244.27161783053108,-146.875, 0.0, 14, 103
244.27161783053108,-158.625, 0.0, 14, 103
244.27161783053108,-170.375, 0.0, 14, 103
244.27161783053108,-182.125, 0.0, 14, 103
244.27161783053108,-193.875, 0.0, 14, 103
254.44741632499827,-23.5, 0.0, 14, 103
254.44741632499827,-35.25, 0.0, 14, 103
254.44741632499827,-47.0, 0.0, 14, 103
254.44741632499827,-58.75, 0.0, 14, 103
254.44741632499827,-70.5, 0.0, 14, 103
254.44741632499827,-82.25, 0.0, 14, 103
254.44741632499827,-94.0, 0.0, 14, 103
254.44741632499827,-105.75, 0.0, 14, 103
254.44741632499827,-117.5, 0.0, 14, 103
254.44741632499827,-129.25, 0.0, 14, 103
254.44741632499827,-141.0, 0.0, 14, 103
254.44741632499827,-152.75, 0.0, 14, 103
254.44741632499827,-164.5, 0.0, 14, 103
254.44741632499827,-176.25, 0.0, 14, 103
254.44741632499827,-188.0, 0.0, 14, 103
254.44741632499827,-199.75, 0.0, 14, 103
264.6232148194655,-17.625, 0.0, 14, 103
264.6232148194655,-29.375, 0.0, 14, 103
264.6232148194655,-41.125, 0.0, 14, 103
264.6232148194655,-52.875, 0.0, 14, 103
264.6232148194655,-64.625, 0.0, 14, 103
264.6232148194655,-76.375, 0.0, 14, 103
264.6232148194655,-88.125, 0.0, 14, 103
264.6232148194655,-99.875, 0.0, 14, 103
264.6232148194655,-111.625, 0.0, 14, 103
264.6232148194655,-123.375, 0.0, 14, 103
264.6232148194655,-135.125, 0.0, 14, 103
264.6232148194655,-146.875, 0.0, 14, 103
264.6232148194655,-158.625, 0.0, 14, 103
264.6232148194655,-170.375, 0.0, 14, 103
264.6232148194655,-182.125, 0.0, 14, 103
264.6232148194655,-193.875, 0.0, 14, 103
264.6232148194655,-205.625, 0.0, 14, 103
274.7990133139327,-11.75, 0.0, 14, 103
274.7990133139327,-23.5, 0.0, 14, 103
274.7990133139327,-35.25, 0.0, 14, 103
274.7990133139327,-47.0, 0.0, 14, 103
274.7990133139327,-58.75, 0.0, 14, 103
274.7990133139327,-70.5, 0.0, 14, 103
274.7990133139327,-82.25, 0.0, 14, 103
274.7990133139327,-94.0, 0.0, 14, 103
274.7990133139327,-105.75, 0.0, 14, 103
274.7990133139327,-117.5, 0.0, 14, 103
274.7990133139327,-129.25, 0.0, 14, 103
274.7990133139327,-141.0, 0.0, 14, 103
274.7990133139327,-152.75, 0.0, 14, 103
274.7990133139327,-164.5, 0.0, 14, 103
274.7990133139327,-176.25, 0.0, 14, 103
274.7990133139327,-188.0, 0.0, 14, 103
274.7990133139327,-199.75, 0.0, 14, 103
284.97481180839986,-5.875, 0.0, 14, 103
284.97481180839986,-17.625, 0.0, 14, 103
284.97481180839986,-29.375, 0.0, 14, 103
284.97481180839986,-41.125, 0.0, 14, 103
284.97481180839986,-52.875, 0.0, 14, 103
284.97481180839986,-64.625, 0.0, 14, 103
284.97481180839986,-76.375, 0.0, 14, 103
284.97481180839986,-88.125, 0.0, 14, 103
284.97481180839986,-99.875, 0.0, 14, 103
284.97481180839986,-111.625, 0.0, 14, 103
284.97481180839986,-123.375, 0.0, 14, 103
284.97481180839986,-135.125, 0.0, 14, 103
284.97481180839986,-146.875, 0.0, 14, 103
284.97481180839986,-158.625, 0.0, 14, 103
284.97481180839986,-170.375, 0.0, 14, 103
284.97481180839986,-182.125, 0.0, 14, 103
284.97481180839986,-193.875, 0.0, 14, 103
284.97481180839986,-205.625, 0.0, 14, 103
295.15061030286705,-11.75, 0.0, 14, 103
295.15061030286705,-23.5, 0.0, 14, 103
295.15061030286705,-35.25, 0.0, 14, 103
295.15061030286705,-47.0, 0.0, 14, 103
295.15061030286705,-58.75, 0.0, 14, 103
295.15061030286705,-70.5, 0.0, 14, 103
295.15061030286705,-82.25, 0.0, 14, 103
295.15061030286705,-94.0, 0.0, 14, 103
295.15061030286705,-105.75, 0.0, 14, 103
295.15061030286705,-117.5, 0.0, 14, 103
295.15061030286705,-129.25, 0.0, 14, 103
295.15061030286705,-141.0, 0.0, 14, 103
295.15061030286705,-152.75, 0.0, 14, 103
295.15061030286705,-164.5, 0.0, 14, 103
295.15061030286705,-176.25, 0.0, 14, 103
295.15061030286705,-188.0, 0.0, 14, 103
295.15061030286705,-199.75, 0.0, 14, 103
295.15061030286705,-211.5, 0.0, 14, 103
305.3264087973343,-5.875, 0.0, 14, 103
305.3264087973343,-17.625, 0.0, 14, 103
305.3264087973343,-29.375, 0.0, 14, 103
305.3264087973343,-41.125, 0.0, 14, 103
305.3264087973343,-52.875, 0.0, 14, 103
305.3264087973343,-64.625, 0.0, 14, 103
305.3264087973343,-76.375, 0.0, 14, 103
305.3264087973343,-88.125, 0.0, 14, 103
305.3264087973343,-99.875, 0.0, 14, 103
305.3264087973343,-111.625, 0.0, 14, 103
305.3264087973343,-123.375, 0.0, 14, 103
305.3264087973343,-135.125, 0.0, 14, 103
305.3264087973343,-146.875, 0.0, 14, 103
305.3264087973343,-158.625, 0.0, 14, 103
305.3264087973343,-170.375, 0.0, 14, 103
305.3264087973343,-182.125, 0.0, 14, 103
305.3264087973343,-193.875, 0.0, 14, 103
305.3264087973343,-205.625, 0.0, 14, 103
315.5022072918015,-11.75, 0.0, 14, 103
315.5022072918015,-23.5, 0.0, 14, 103
315.5022072918015,-35.25, 0.0, 14, 103
315.5022072918015,-47.0, 0.0, 14, 103
315.5022072918015,-58.75, 0.0, 14, 103
315.5022072918015,-70.5, 0.0, 14, 103
315.5022072918015,-82.25, 0.0, 14, 103
315.5022072918015,-94.0, 0.0, 14, 103
315.5022072918015,-105.75, 0.0, 14, 103
315.5022072918015,-117.5, 0.0, 14, 103
315.5022072918015,-129.25, 0.0, 14, 103
315.5022072918015,-141.0, 0.0, 14, 103
315.5022072918015,-152.75, 0.0, 14, 103
315.5022072918015,-164.5, 0.0, 14, 103
315.5022072918015,-176.25, 0.0, 14, 103
315.5022072918015,-188.0, 0.0, 14, 103
315.5022072918015,-199.75, 0.0, 14, 103
325.67800578626867,-5.875, 0.0, 14, 103
325.67800578626867,-17.625, 0.0, 14, 103
325.67800578626867,-29.375, 0.0, 14, 103
325.67800578626867,-41.125, 0.0, 14, 103
325.67800578626867,-52.875, 0.0, 14, 103
325.67800578626867,-64.625, 0.0, 14, 103
325.67800578626867,-76.375, 0.0, 14, 103
325.67800578626867,-88.125, 0.0, 14, 103
325.67800578626867,-99.875, 0.0, 14, 103
325.67800578626867,-111.625, 0.0, 14, 103
325.67800578626867,-123.375, 0.0, 14, 103
325.67800578626867,-135.125, 0.0, 14, 103
325.67800578626867,-146.875, 0.0, 14, 103
325.67800578626867,-158.625, 0.0, 14, 103
325.67800578626867,-170.375, 0.0, 14, 103
325.67800578626867,-182.125, 0.0, 14, 103
325.67800578626867,-193.875, 0.0, 14, 103
325.67800578626867,-205.625, 0.0, 14, 103
335.85380428073586,-11.75, 0.0, 14, 103
335.85380428073586,-23.5, 0.0, 14, 103
335.85380428073586,-35.25, 0.0, 14, 103
335.85380428073586,-47.0, 0.0, 14, 103
335.85380428073586,-58.75, 0.0, 14, 103
335.85380428073586,-70.5, 0.0, 14, 103
335.85380428073586,-82.25, 0.0, 14, 103
335.85380428073586,-94.0, 0.0, 14, 103
335.85380428073586,-105.75, 0.0, 14, 103
335.85380428073586,-117.5, 0.0, 14, 103
335.85380428073586,-129.25, 0.0, 14, 103
335.85380428073586,-141.0, 0.0, 14, 103
335.85380428073586,-152.75, 0.0, 14, 103
335.85380428073586,-164.5, 0.0, 14, 103
335.85380428073586,-176.25, 0.0, 14, 103
335.85380428073586,-188.0, 0.0, 14, 103
335.85380428073586,-199.75, 0.0, 14, 103
346.02960277520305,-5.875, 0.0, 14, 103
346.02960277520305,-17.625, 0.0, 14, 103
346.02960277520305,-29.375, 0.0, 14, 103
346.02960277520305,-41.125, 0.0, 14, 103
346.02960277520305,-52.875, 0.0, 14, 103
346.02960277520305,-64.625, 0.0, 14, 103
346.02960277520305,-76.375, 0.0, 14, 103
346.02960277520305,-88.125, 0.0, 14, 103
346.02960277520305,-99.875, 0.0, 14, 103
346.02960277520305,-111.625, 0.0, 14, 103
346.02960277520305,-123.375, 0.0, 14, 103
346.02960277520305,-135.125, 0.0, 14, 103
346.02960277520305,-146.875, 0.0, 14, 103
346.02960277520305,-158.625, 0.0, 14, 103
346.02960277520305,-170.375, 0.0, 14, 103
346.02960277520305,-182.125, 0.0, 14, 103
346.02960277520305,-193.875, 0.0, 14, 103
346.02960277520305,-205.625, 0.0, 14, 103
356.2054012696703,-11.75, 0.0, 14, 103
356.2054012696703,-23.5, 0.0, 14, 103
356.2054012696703,-35.25, 0.0, 14, 103
356.2054012696703,-47.0, 0.0, 14, 103
356.2054012696703,-58.75, 0.0, 14, 103
356.2054012696703,-70.5, 0.0, 14, 103
356.2054012696703,-82.25, 0.0, 14, 103
356.2054012696703,-94.0, 0.0, 14, 103
356.2054012696703,-105.75, 0.0, 14, 103
356.2054012696703,-117.5, 0.0, 14, 103
356.2054012696703,-129.25, 0.0, 14, 103
356.2054012696703,-141.0, 0.0, 14, 103
356.2054012696703,-152.75, 0.0, 14, 103
356.2054012696703,-164.5, 0.0, 14, 103
356.2054012696703,-176.25, 0.0, 14, 103
356.2054012696703,-188.0, 0.0, 14, 103
356.2054012696703,-199.75, 0.0, 14, 103
366.3811997641375,-17.625, 0.0, 14, 103
366.3811997641375,-29.375, 0.0, 14, 103
366.3811997641375,-41.125, 0.0, 14, 103
366.3811997641375,-52.875, 0.0, 14, 103
366.3811997641375,-64.625, 0.0, 14, 103
366.3811997641375,-76.375, 0.0, 14, 103
366.3811997641375,-88.125, 0.0, 14, 103
366.3811997641375,-99.875, 0.0, 14, 103
366.3811997641375,-111.625, 0.0, 14, 103
366.3811997641375,-123.375, 0.0, 14, 103
366.3811997641375,-135.125, 0.0, 14, 103
366.3811997641375,-146.875, 0.0, 14, 103
366.3811997641375,-158.625, 0.0, 14, 103
366.3811997641375,-170.375, 0.0, 14, 103
366.3811997641375,-182.125, 0.0, 14, 103
366.3811997641375,-193.875, 0.0, 14, 103
376.55699825860466,-23.5, 0.0, 14, 103
376.55699825860466,-35.25, 0.0, 14, 103
376.55699825860466,-47.0, 0.0, 14, 103
376.55699825860466,-58.75, 0.0, 14, 103
376.55699825860466,-70.5, 0.0, 14, 103
376.55699825860466,-82.25, 0.0, 14, 103
376.55699825860466,-94.0, 0.0, 14, 103
376.55699825860466,-105.75, 0.0, 14, 103
376.55699825860466,-117.5, 0.0, 14, 103
376.55699825860466,-129.25, 0.0, 14, 103
376.55699825860466,-141.0, 0.0, 14, 103
376.55699825860466,-152.75, 0.0, 14, 103
376.55699825860466,-164.5, 0.0, 14, 103
376.55699825860466,-176.25, 0.0, 14, 103
376.55699825860466,-188.0, 0.0, 14, 103
386.73279675307185,-29.375, 0.0, 14, 103
386.73279675307185,-41.125, 0.0, 14, 103
386.73279675307185,-52.875, 0.0, 14, 103
386.73279675307185,-64.625, 0.0, 14, 103
386.73279675307185,-76.375, 0.0, 14, 103
386.73279675307185,-88.125, 0.0, 14, 103
386.73279675307185,-99.875, 0.0, 14, 103
386.73279675307185,-111.625, 0.0, 14, 103
386.73279675307185,-123.375, 0.0, 14, 103
386.73279675307185,-135.125, 0.0, 14, 103
386.73279675307185,-146.875, 0.0, 14, 103
386.73279675307185,-158.625, 0.0, 14, 103
386.73279675307185,-170.375, 0.0, 14, 103
386.73279675307185,-182.125, 0.0, 14, 103
386.73279675307185,-193.875, 0.0, 14, 103
396.90859524753904,-35.25, 0.0, 14, 103
396.90859524753904,-47.0, 0.0, 14, 103
396.90859524753904,-58.75, 0.0, 14, 103
396.90859524753904,-70.5, 0.0, 14, 103
396.90859524753904,-82.25, 0.0, 14, 103
396.90859524753904,-94.0, 0.0, 14, 103
396.90859524753904,-105.75, 0.0, 14, 103
396.90859524753904,-117.5, 0.0, 14, 103
396.90859524753904,-129.25, 0.0, 14, 103
396.90859524753904,-141.0, 0.0, 14, 103
396.90859524753904,-152.75, 0.0, 14, 103
396.90859524753904,-164.5, 0.0, 14, 103
396.90859524753904,-176.25, 0.0, 14, 103
407.0843937420063,-52.875, 0.0, 14, 103
407.0843937420063,-64.625, 0.0, 14, 103
407.0843937420063,-76.375, 0.0, 14, 103
407.0843937420063,-88.125, 0.0, 14, 103
407.0843937420063,-99.875, 0.0, 14, 103
407.0843937420063,-111.625, 0.0, 14, 103
407.0843937420063,-123.375, 0.0, 14, 103
407.0843937420063,-135.125, 0.0, 14, 103
407.0843937420063,-146.875, 0.0, 14, 103
407.0843937420063,-158.625, 0.0, 14, 103
407.0843937420063,-170.375, 0.0, 14, 103
417.2601922364735,-94.0, 0.0, 14, 103
417.2601922364735,-105.75, 0.0, 14, 103
417.2601922364735,-117.5, 0.0, 14, 103
417.2601922364735,-129.25, 0.0, 14, 103
417.2601922364735,-141.0, 0.0, 14, 103
-671.5502466715169,-452.375, 0.0, 14, 104
-661.3744481770497,-340.75, 0.0, 14, 104
-661.3744481770497,-352.5, 0.0, 14, 104
-661.3744481770497,-364.25, 0.0, 14, 104
-661.3744481770497,-376.0, 0.0, 14, 104
-661.3744481770497,-387.75, 0.0, 14, 104
-661.3744481770497,-399.5, 0.0, 14, 104
-661.3744481770497,-411.25, 0.0, 14, 104
-661.3744481770497,-423.0, 0.0, 14, 104
-661.3744481770497,-434.75, 0.0, 14, 104
-661.3744481770497,-446.5, 0.0, 14, 104
-651.1986496825824,-323.125, 0.0, 14, 104
-651.1986496825824,-334.875, 0.0, 14, 104
-651.1986496825824,-346.625, 0.0, 14, 104
-651.1986496825824,-358.375, 0.0, 14, 104
-651.1986496825824,-370.125, 0.0, 14, 104
-651.1986496825824,-381.875, 0.0, 14, 104
-651.1986496825824,-393.625, 0.0, 14, 104
-651.1986496825824,-405.375, 0.0, 14, 104
-651.1986496825824,-417.125, 0.0, 14, 104
-651.1986496825824,-428.875, 0.0, 14, 104
-651.1986496825824,-440.625, 0.0, 14, 104
-651.1986496825824,-452.375, 0.0, 14, 104
-641.0228511881153,-293.75, 0.0, 14, 104
-641.0228511881153,-305.5, 0.0, 14, 104
-641.0228511881153,-317.25, 0.0, 14, 104
-641.0228511881153,-329.0, 0.0, 14, 104
-641.0228511881153,-340.75, 0.0, 14, 104
-641.0228511881153,-352.5, 0.0, 14, 104
-641.0228511881153,-364.25, 0.0, 14, 104
-641.0228511881153,-376.0, 0.0, 14, 104
-641.0228511881153,-387.75, 0.0, 14, 104
-641.0228511881153,-399.5, 0.0, 14, 104
-641.0228511881153,-411.25, 0.0, 14, 104
-641.0228511881153,-423.0, 0.0, 14, 104
-641.0228511881153,-434.75, 0.0, 14, 104
-641.0228511881153,-446.5, 0.0, 14, 104
-630.847052693648,-252.625, 0.0, 14, 104
-630.847052693648,-264.375, 0.0, 14, 104
-630.847052693648,-276.125, 0.0, 14, 104
-630.847052693648,-287.875, 0.0, 14, 104
-630.847052693648,-299.625, 0.0, 14, 104
-630.847052693648,-311.375, 0.0, 14, 104
-630.847052693648,-323.125, 0.0, 14, 104
-630.847052693648,-334.875, 0.0, 14, 104
-630.847052693648,-346.625, 0.0, 14, 104
-630.847052693648,-358.375, 0.0, 14, 104
-630.847052693648,-370.125, 0.0, 14, 104
-630.847052693648,-381.875, 0.0, 14, 104
-630.847052693648,-393.625, 0.0, 14, 104
-630.847052693648,-405.375, 0.0, 14, 104
-630.847052693648,-417.125, 0.0, 14, 104
-620.6712541991809,-223.25, 0.0, 14, 104
-620.6712541991809,-235.0, 0.0, 14, 104
-620.6712541991809,-246.75, 0.0, 14, 104
-620.6712541991809,-258.5, 0.0, 14, 104
-620.6712541991809,-270.25, 0.0, 14, 104
-620.6712541991809,-282.0, 0.0, 14, 104
-620.6712541991809,-293.75, 0.0, 14, 104
-620.6712541991809,-305.5, 0.0, 14, 104
-620.6712541991809,-317.25, 0.0, 14, 104
-620.6712541991809,-329.0, 0.0, 14, 104
-620.6712541991809,-340.75, 0.0, 14, 104
-620.6712541991809,-352.5, 0.0, 14, 104
-620.6712541991809,-364.25, 0.0, 14, 104
-620.6712541991809,-376.0, 0.0, 14, 104
-620.6712541991809,-387.75, 0.0, 14, 104
-610.4954557047137,-205.625, 0.0, 14, 104
-610.4954557047137,-217.375, 0.0, 14, 104
-610.4954557047137,-229.125, 0.0, 14, 104
-610.4954557047137,-240.875, 0.0, 14, 104
-610.4954557047137,-252.625, 0.0, 14, 104
-610.4954557047137,-264.375, 0.0, 14, 104
-610.4954557047137,-276.125, 0.0, 14, 104
-610.4954557047137,-287.875, 0.0, 14, 104
-610.4954557047137,-299.625, 0.0, 14, 104
-610.4954557047137,-311.375, 0.0, 14, 104
-600.3196572102464,-199.75, 0.0, 14, 104
-600.3196572102464,-211.5, 0.0, 14, 104
-600.3196572102464,-223.25, 0.0, 14, 104
-600.3196572102464,-235.0, 0.0, 14, 104
-600.3196572102464,-246.75, 0.0, 14, 104
-600.3196572102464,-258.5, 0.0, 14, 104
-600.3196572102464,-270.25, 0.0, 14, 104
-600.3196572102464,-282.0, 0.0, 14, 104
-600.3196572102464,-293.75, 0.0, 14, 104
-590.1438587157793,-193.875, 0.0, 14, 104
-590.1438587157793,-205.625, 0.0, 14, 104
-590.1438587157793,-217.375, 0.0, 14, 104
-590.1438587157793,-229.125, 0.0, 14, 104
-590.1438587157793,-240.875, 0.0, 14, 104
-590.1438587157793,-252.625, 0.0, 14, 104
-590.1438587157793,-264.375, 0.0, 14, 104
-579.968060221312,-176.25, 0.0, 14, 104
-579.968060221312,-188.0, 0.0, 14, 104
-579.968060221312,-199.75, 0.0, 14, 104
-579.968060221312,-211.5, 0.0, 14, 104
-579.968060221312,-223.25, 0.0, 14, 104
-579.968060221312,-235.0, 0.0, 14, 104
-569.7922617268449,-158.625, 0.0, 14, 104
-569.7922617268449,-170.375, 0.0, 14, 104
-569.7922617268449,-182.125, 0.0, 14, 104
-569.7922617268449,-193.875, 0.0, 14, 104
-569.7922617268449,-205.625, 0.0, 14, 104
-559.6164632323777,-152.75, 0.0, 14, 104
-559.6164632323777,-164.5, 0.0, 14, 104
-559.6164632323777,-176.25, 0.0, 14, 104
-559.6164632323777,-188.0, 0.0, 14, 104
-549.4406647379104,-135.125, 0.0, 14, 104
-549.4406647379104,-146.875, 0.0, 14, 104
-549.4406647379104,-158.625, 0.0, 14, 104
-549.4406647379104,-170.375, 0.0, 14, 104
-549.4406647379104,-182.125, 0.0, 14, 104
-539.2648662434433,-129.25, 0.0, 14, 104
-539.2648662434433,-141.0, 0.0, 14, 104
-539.2648662434433,-152.75, 0.0, 14, 104
-539.2648662434433,-164.5, 0.0, 14, 104
-529.089067748976,-123.375, 0.0, 14, 104
-529.089067748976,-135.125, 0.0, 14, 104
-529.089067748976,-146.875, 0.0, 14, 104
-529.089067748976,-158.625, 0.0, 14, 104
-518.9132692545089,-117.5, 0.0, 14, 104
-518.9132692545089,-129.25, 0.0, 14, 104
-518.9132692545089,-141.0, 0.0, 14, 104
-518.9132692545089,-152.75, 0.0, 14, 104
-508.7374707600417,-123.375, 0.0, 14, 104
-508.7374707600417,-135.125, 0.0, 14, 104
-508.7374707600417,-146.875, 0.0, 14, 104
-498.5616722655745,-117.5, 0.0, 14, 104
-498.5616722655745,-129.25, 0.0, 14, 104
-488.3858737711073,-111.625, 0.0, 14, 104
-488.3858737711073,-123.375, 0.0, 14, 104
-478.21007527664005,-94.0, 0.0, 14, 104
-478.21007527664005,-105.75, 0.0, 14, 104
-478.21007527664005,-117.5, 0.0, 14, 104
-468.03427678217287,-88.125, 0.0, 14, 104
-468.03427678217287,-99.875, 0.0, 14, 104
-468.03427678217287,-111.625, 0.0, 14, 104
-457.8584782877057,-82.25, 0.0, 14, 104
-457.8584782877057,-94.0, 0.0, 14, 104
-457.8584782877057,-105.75, 0.0, 14, 104
-447.6826797932385,-76.375, 0.0, 14, 104
-447.6826797932385,-88.125, 0.0, 14, 104
-447.6826797932385,-99.875, 0.0, 14, 104
-437.50688129877125,-70.5, 0.0, 14, 104
-437.50688129877125,-82.25, 0.0, 14, 104
-437.50688129877125,-94.0, 0.0, 14, 104
-437.50688129877125,-105.75, 0.0, 14, 104
-427.33108280430406,-76.375, 0.0, 14, 104
-427.33108280430406,-88.125, 0.0, 14, 104
-427.33108280430406,-99.875, 0.0, 14, 104
-417.1552843098369,-70.5, 0.0, 14, 104
-417.1552843098369,-82.25, 0.0, 14, 104
-417.1552843098369,-94.0, 0.0, 14, 104
-406.9794858153697,-64.625, 0.0, 14, 104
-406.9794858153697,-76.375, 0.0, 14, 104
-406.9794858153697,-88.125, 0.0, 14, 104
-396.8036873209025,-70.5, 0.0, 14, 104
-396.8036873209025,-82.25, 0.0, 14, 104
-386.62788882643525,-64.625, 0.0, 14, 104
-386.62788882643525,-76.375, 0.0, 14, 104
-386.62788882643525,-88.125, 0.0, 14, 104
-376.45209033196807,-58.75, 0.0, 14, 104
-376.45209033196807,-70.5, 0.0, 14, 104
-376.45209033196807,-82.25, 0.0, 14, 104
-366.2762918375009,-64.625, 0.0, 14, 104
-366.2762918375009,-76.375, 0.0, 14, 104
-356.1004933430337,-58.75, 0.0, 14, 104
-356.1004933430337,-70.5, 0.0, 14, 104
-356.1004933430337,-82.25, 0.0, 14, 104
-345.9246948485665,-52.875, 0.0, 14, 104
-345.9246948485665,-64.625, 0.0, 14, 104
-345.9246948485665,-76.375, 0.0, 14, 104
-335.74889635409926,-58.75, 0.0, 14, 104
-335.74889635409926,-70.5, 0.0, 14, 104
-335.74889635409926,-82.25, 0.0, 14, 104
-325.57309785963207,-52.875, 0.0, 14, 104
-325.57309785963207,-64.625, 0.0, 14, 104
-325.57309785963207,-76.375, 0.0, 14, 104
-325.57309785963207,-88.125, 0.0, 14, 104
-315.3972993651649,-58.75, 0.0, 14, 104
-315.3972993651649,-70.5, 0.0, 14, 104
-315.3972993651649,-82.25, 0.0, 14, 104
-315.3972993651649,-94.0, 0.0, 14, 104
-305.2215008706977,-64.625, 0.0, 14, 104
-305.2215008706977,-76.375, 0.0, 14, 104
-305.2215008706977,-88.125, 0.0, 14, 104
-305.2215008706977,-99.875, 0.0, 14, 104
-295.0457023762305,-70.5, 0.0, 14, 104
-295.0457023762305,-82.25, 0.0, 14, 104
-295.0457023762305,-94.0, 0.0, 14, 104
-295.0457023762305,-105.75, 0.0, 14, 104
-284.86990388176326,-76.375, 0.0, 14, 104
-284.86990388176326,-88.125, 0.0, 14, 104
-284.86990388176326,-99.875, 0.0, 14, 104
-284.86990388176326,-111.625, 0.0, 14, 104
-274.6941053872961,-82.25, 0.0, 14, 104
-274.6941053872961,-94.0, 0.0, 14, 104
-274.6941053872961,-105.75, 0.0, 14, 104
-274.6941053872961,-117.5, 0.0, 14, 104
-264.5183068928289,-88.125, 0.0, 14, 104
-264.5183068928289,-99.875, 0.0, 14, 104
-264.5183068928289,-111.625, 0.0, 14, 104
-264.5183068928289,-123.375, 0.0, 14, 104
-254.3425083983617,-94.0, 0.0, 14, 104
-254.3425083983617,-105.75, 0.0, 14, 104
-254.3425083983617,-117.5, 0.0, 14, 104
-254.3425083983617,-129.25, 0.0, 14, 104
-254.3425083983617,-141.0, 0.0, 14, 104
-244.16670990389449,-99.875, 0.0, 14, 104
-244.16670990389449,-111.625, 0.0, 14, 104
-244.16670990389449,-123.375, 0.0, 14, 104
-244.16670990389449,-135.125, 0.0, 14, 104
-244.16670990389449,-146.875, 0.0, 14, 104
-244.16670990389449,-158.625, 0.0, 14, 104
-233.9909114094273,-105.75, 0.0, 14, 104
-233.9909114094273,-117.5, 0.0, 14, 104
-233.9909114094273,-129.25, 0.0, 14, 104
-233.9909114094273,-141.0, 0.0, 14, 104
-233.9909114094273,-152.75, 0.0, 14, 104
-233.9909114094273,-164.5, 0.0, 14, 104
-233.9909114094273,-176.25, 0.0, 14, 104
-223.81511291496008,-111.625, 0.0, 14, 104
-223.81511291496008,-123.375, 0.0, 14, 104
-223.81511291496008,-135.125, 0.0, 14, 104
-223.81511291496008,-146.875, 0.0, 14, 104
-223.81511291496008,-158.625, 0.0, 14, 104
-223.81511291496008,-170.375, 0.0, 14, 104
-223.81511291496008,-182.125, 0.0, 14, 104
-223.81511291496008,-193.875, 0.0, 14, 104
-223.81511291496008,-205.625, 0.0, 14, 104
-213.6393144204929,-117.5, 0.0, 14, 104
-213.6393144204929,-129.25, 0.0, 14, 104
-213.6393144204929,-141.0, 0.0, 14, 104
-213.6393144204929,-152.75, 0.0, 14, 104
-213.6393144204929,-164.5, 0.0, 14, 104
-213.6393144204929,-176.25, 0.0, 14, 104
-213.6393144204929,-188.0, 0.0, 14, 104
-213.6393144204929,-199.75, 0.0, 14, 104
-213.6393144204929,-211.5, 0.0, 14, 104
-213.6393144204929,-223.25, 0.0, 14, 104
-213.6393144204929,-235.0, 0.0, 14, 104
-203.46351592602568,-123.375, 0.0, 14, 104
-203.46351592602568,-135.125, 0.0, 14, 104
-203.46351592602568,-146.875, 0.0, 14, 104
-203.46351592602568,-158.625, 0.0, 14, 104
-203.46351592602568,-170.375, 0.0, 14, 104
-203.46351592602568,-182.125, 0.0, 14, 104
-203.46351592602568,-193.875, 0.0, 14, 104
-203.46351592602568,-205.625, 0.0, 14, 104
-203.46351592602568,-217.375, 0.0, 14, 104
-203.46351592602568,-229.125, 0.0, 14, 104
-203.46351592602568,-240.875, 0.0, 14, 104
-203.46351592602568,-252.625, 0.0, 14, 104
-193.2877174315585,-129.25, 0.0, 14, 104
-193.2877174315585,-141.0, 0.0, 14, 104
-193.2877174315585,-152.75, 0.0, 14, 104
-193.2877174315585,-164.5, 0.0, 14, 104
-193.2877174315585,-176.25, 0.0, 14, 104
-193.2877174315585,-188.0, 0.0, 14, 104
-193.2877174315585,-199.75, 0.0, 14, 104
-193.2877174315585,-211.5, 0.0, 14, 104
-193.2877174315585,-223.25, 0.0, 14, 104
-193.2877174315585,-235.0, 0.0, 14, 104
-193.2877174315585,-246.75, 0.0, 14, 104
-193.2877174315585,-258.5, 0.0, 14, 104
-193.2877174315585,-270.25, 0.0, 14, 104
-183.1119189370913,-146.875, 0.0, 14, 104
-183.1119189370913,-158.625, 0.0, 14, 104
-183.1119189370913,-170.375, 0.0, 14, 104
-183.1119189370913,-182.125, 0.0, 14, 104
-183.1119189370913,-193.875, 0.0, 14, 104
-183.1119189370913,-205.625, 0.0, 14, 104
-183.1119189370913,-217.375, 0.0, 14, 104
-183.1119189370913,-229.125, 0.0, 14, 104
-183.1119189370913,-240.875, 0.0, 14, 104
-183.1119189370913,-252.625, 0.0, 14, 104
-183.1119189370913,-264.375, 0.0, 14, 104
-172.9361204426241,-164.5, 0.0, 14, 104
-172.9361204426241,-176.25, 0.0, 14, 104
-172.9361204426241,-188.0, 0.0, 14, 104
-172.9361204426241,-199.75, 0.0, 14, 104
-172.9361204426241,-211.5, 0.0, 14, 104
-172.9361204426241,-223.25, 0.0, 14, 104
-172.9361204426241,-235.0, 0.0, 14, 104
-172.9361204426241,-246.75, 0.0, 14, 104
-172.9361204426241,-258.5, 0.0, 14, 104
-172.9361204426241,-270.25, 0.0, 14, 104
-172.9361204426241,-282.0, 0.0, 14, 104
-172.9361204426241,-293.75, 0.0, 14, 104
-162.7603219481569,-170.375, 0.0, 14, 104
-162.7603219481569,-182.125, 0.0, 14, 104
-162.7603219481569,-193.875, 0.0, 14, 104
-162.7603219481569,-205.625, 0.0, 14, 104
-162.7603219481569,-217.375, 0.0, 14, 104
-162.7603219481569,-229.125, 0.0, 14, 104
-162.7603219481569,-240.875, 0.0, 14, 104
-162.7603219481569,-252.625, 0.0, 14, 104
-162.7603219481569,-264.375, 0.0, 14, 104
-162.7603219481569,-276.125, 0.0, 14, 104
-162.7603219481569,-287.875, 0.0, 14, 104
-162.7603219481569,-299.625, 0.0, 14, 104
-152.58452345368968,-176.25, 0.0, 14, 104
-152.58452345368968,-188.0, 0.0, 14, 104
-152.58452345368968,-199.75, 0.0, 14, 104
-152.58452345368968,-211.5, 0.0, 14, 104
-152.58452345368968,-223.25, 0.0, 14, 104
-152.58452345368968,-235.0, 0.0, 14, 104
-152.58452345368968,-246.75, 0.0, 14, 104
-152.58452345368968,-258.5, 0.0, 14, 104
-152.58452345368968,-270.25, 0.0, 14, 104
-152.58452345368968,-282.0, 0.0, 14, 104
-152.58452345368968,-293.75, 0.0, 14, 104
-152.58452345368968,-305.5, 0.0, 14, 104
-142.4087249592225,-182.125, 0.0, 14, 104
-142.4087249592225,-193.875, 0.0, 14, 104
-142.4087249592225,-205.625, 0.0, 14, 104
-142.4087249592225,-217.375, 0.0, 14, 104
-142.4087249592225,-229.125, 0.0, 14, 104
-142.4087249592225,-240.875, 0.0, 14, 104
-142.4087249592225,-252.625, 0.0, 14, 104
-142.4087249592225,-264.375, 0.0, 14, 104
-142.4087249592225,-276.125, 0.0, 14, 104
-142.4087249592225,-287.875, 0.0, 14, 104
-142.4087249592225,-299.625, 0.0, 14, 104
-142.4087249592225,-311.375, 0.0, 14, 104
-142.4087249592225,-323.125, 0.0, 14, 104
-132.2329264647553,-188.0, 0.0, 14, 104
-132.2329264647553,-199.75, 0.0, 14, 104
-132.2329264647553,-211.5, 0.0, 14, 104
-132.2329264647553,-223.25, 0.0, 14, 104
-132.2329264647553,-235.0, 0.0, 14, 104
-132.2329264647553,-246.75, 0.0, 14, 104
-132.2329264647553,-258.5, 0.0, 14, 104
-132.2329264647553,-270.25, 0.0, 14, 104
-132.2329264647553,-282.0, 0.0, 14, 104
-132.2329264647553,-293.75, 0.0, 14, 104
-132.2329264647553,-305.5, 0.0, 14, 104
-132.2329264647553,-317.25, 0.0, 14, 104
-132.2329264647553,-329.0, 0.0, 14, 104
-122.0571279702881,-193.875, 0.0, 14, 104
-122.0571279702881,-205.625, 0.0, 14, 104
-122.0571279702881,-217.375, 0.0, 14, 104
-122.0571279702881,-229.125, 0.0, 14, 104
-122.0571279702881,-240.875, 0.0, 14, 104
-122.0571279702881,-252.625, 0.0, 14, 104
-122.0571279702881,-264.375, 0.0, 14, 104
-122.0571279702881,-276.125, 0.0, 14, 104
-122.0571279702881,-287.875, 0.0, 14, 104
-122.0571279702881,-299.625, 0.0, 14, 104
-122.0571279702881,-311.375, 0.0, 14, 104
-122.0571279702881,-323.125, 0.0, 14, 104
-122.0571279702881,-334.875, 0.0, 14, 104
-122.0571279702881,-346.625, 0.0, 14, 104
-111.88132947582089,-199.75, 0.0, 14, 104
-111.88132947582089,-211.5, 0.0, 14, 104
-111.88132947582089,-223.25, 0.0, 14, 104
-111.88132947582089,-235.0, 0.0, 14, 104
-111.88132947582089,-246.75, 0.0, 14, 104
-111.88132947582089,-258.5, 0.0, 14, 104
-111.88132947582089,-270.25, 0.0, 14, 104
-111.88132947582089,-282.0, 0.0, 14, 104
-111.88132947582089,-293.75, 0.0, 14, 104
-111.88132947582089,-305.5, 0.0, 14, 104
-111.88132947582089,-317.25, 0.0, 14, 104
-111.88132947582089,-329.0, 0.0, 14, 104
-111.88132947582089,-340.75, 0.0, 14, 104
-111.88132947582089,-352.5, 0.0, 14, 104
-111.88132947582089,-364.25, 0.0, 14, 104
-101.7055309813537,-205.625, 0.0, 14, 104
-101.7055309813537,-217.375, 0.0, 14, 104
-101.7055309813537,-229.125, 0.0, 14, 104
-101.7055309813537,-240.875, 0.0, 14, 104
-101.7055309813537,-252.625, 0.0, 14, 104
-101.7055309813537,-264.375, 0.0, 14, 104
-101.7055309813537,-276.125, 0.0, 14, 104
-101.7055309813537,-287.875, 0.0, 14, 104
-101.7055309813537,-299.625, 0.0, 14, 104
-101.7055309813537,-311.375, 0.0, 14, 104
-101.7055309813537,-323.125, 0.0, 14, 104
-101.7055309813537,-334.875, 0.0, 14, 104
-101.7055309813537,-346.625, 0.0, 14, 104
-101.7055309813537,-358.375, 0.0, 14, 104
-101.7055309813537,-370.125, 0.0, 14, 104
-101.7055309813537,-381.875, 0.0, 14, 104
-91.5297324868865,-211.5, 0.0, 14, 104
-91.5297324868865,-223.25, 0.0, 14, 104
-91.5297324868865,-235.0, 0.0, 14, 104
-91.5297324868865,-246.75, 0.0, 14, 104
-91.5297324868865,-258.5, 0.0, 14, 104
-91.5297324868865,-270.25, 0.0, 14, 104
-91.5297324868865,-282.0, 0.0, 14, 104
-91.5297324868865,-293.75, 0.0, 14, 104
-91.5297324868865,-305.5, 0.0, 14, 104
-91.5297324868865,-317.25, 0.0, 14, 104
-91.5297324868865,-329.0, 0.0, 14, 104
-91.5297324868865,-340.75, 0.0, 14, 104
-91.5297324868865,-352.5, 0.0, 14, 104
-91.5297324868865,-364.25, 0.0, 14, 104
-91.5297324868865,-376.0, 0.0, 14, 104
-91.5297324868865,-387.75, 0.0, 14, 104
-91.5297324868865,-399.5, 0.0, 14, 104
-91.5297324868865,-411.25, 0.0, 14, 104
-81.3539339924193,-217.375, 0.0, 14, 104
-81.3539339924193,-229.125, 0.0, 14, 104
-81.3539339924193,-240.875, 0.0, 14, 104
-81.3539339924193,-252.625, 0.0, 14, 104
-81.3539339924193,-264.375, 0.0, 14, 104
-81.3539339924193,-276.125, 0.0, 14, 104
-81.3539339924193,-287.875, 0.0, 14, 104
-81.3539339924193,-299.625, 0.0, 14, 104
-81.3539339924193,-311.375, 0.0, 14, 104
-81.3539339924193,-323.125, 0.0, 14, 104
-81.3539339924193,-334.875, 0.0, 14, 104
-81.3539339924193,-346.625, 0.0, 14, 104
-81.3539339924193,-358.375, 0.0, 14, 104
-81.3539339924193,-370.125, 0.0, 14, 104
-81.3539339924193,-381.875, 0.0, 14, 104
-81.3539339924193,-393.625, 0.0, 14, 104
-81.3539339924193,-405.375, 0.0, 14, 104
-81.3539339924193,-417.125, 0.0, 14, 104
-71.1781354979521,-223.25, 0.0, 14, 104
-71.1781354979521,-235.0, 0.0, 14, 104
-71.1781354979521,-246.75, 0.0, 14, 104
-71.1781354979521,-258.5, 0.0, 14, 104
-71.1781354979521,-270.25, 0.0, 14, 104
-71.1781354979521,-282.0, 0.0, 14, 104
-71.1781354979521,-293.75, 0.0, 14, 104
-71.1781354979521,-305.5, 0.0, 14, 104
-71.1781354979521,-317.25, 0.0, 14, 104
-71.1781354979521,-329.0, 0.0, 14, 104
-71.1781354979521,-340.75, 0.0, 14, 104
-71.1781354979521,-352.5, 0.0, 14, 104
-71.1781354979521,-364.25, 0.0, 14, 104
-71.1781354979521,-376.0, 0.0, 14, 104
-71.1781354979521,-387.75, 0.0, 14, 104
-71.1781354979521,-399.5, 0.0, 14, 104
-71.1781354979521,-411.25, 0.0, 14, 104
-71.1781354979521,-423.0, 0.0, 14, 104
-71.1781354979521,-434.75, 0.0, 14, 104
-61.002337003484904,-229.125, 0.0, 14, 104
-61.002337003484904,-240.875, 0.0, 14, 104
-61.002337003484904,-252.625, 0.0, 14, 104
-61.002337003484904,-264.375, 0.0, 14, 104
-61.002337003484904,-276.125, 0.0, 14, 104
-61.002337003484904,-287.875, 0.0, 14, 104
-61.002337003484904,-299.625, 0.0, 14, 104
-61.002337003484904,-311.375, 0.0, 14, 104
-61.002337003484904,-323.125, 0.0, 14, 104
-61.002337003484904,-334.875, 0.0, 14, 104
-61.002337003484904,-346.625, 0.0, 14, 104
-61.002337003484904,-358.375, 0.0, 14, 104
-61.002337003484904,-370.125, 0.0, 14, 104
-61.002337003484904,-381.875, 0.0, 14, 104
-61.002337003484904,-393.625, 0.0, 14, 104
-61.002337003484904,-405.375, 0.0, 14, 104
-61.002337003484904,-417.125, 0.0, 14, 104
-61.002337003484904,-428.875, 0.0, 14, 104
-61.002337003484904,-440.625, 0.0, 14, 104
-50.8265385090177,-235.0, 0.0, 14, 104
-50.8265385090177,-246.75, 0.0, 14, 104
-50.8265385090177,-258.5, 0.0, 14, 104
-50.8265385090177,-270.25, 0.0, 14, 104
-50.8265385090177,-282.0, 0.0, 14, 104
-50.8265385090177,-293.75, 0.0, 14, 104
-50.8265385090177,-305.5, 0.0, 14, 104
-50.8265385090177,-317.25, 0.0, 14, 104
-50.8265385090177,-329.0, 0.0, 14, 104
-50.8265385090177,-340.75, 0.0, 14, 104
-50.8265385090177,-352.5, 0.0, 14, 104
-50.8265385090177,-364.25, 0.0, 14, 104
-50.8265385090177,-376.0, 0.0, 14, 104
-50.8265385090177,-387.75, 0.0, 14, 104
-50.8265385090177,-399.5, 0.0, 14, 104
-50.8265385090177,-411.25, 0.0, 14, 104
-50.8265385090177,-423.0, 0.0, 14, 104
-50.8265385090177,-434.75, 0.0, 14, 104
-40.6507400145505,-240.875, 0.0, 14, 104
-40.6507400145505,-252.625, 0.0, 14, 104
-40.6507400145505,-264.375, 0.0, 14, 104
-40.6507400145505,-276.125, 0.0, 14, 104
-40.6507400145505,-287.875, 0.0, 14, 104
-40.6507400145505,-299.625, 0.0, 14, 104
-40.6507400145505,-311.375, 0.0, 14, 104
-40.6507400145505,-323.125, 0.0, 14, 104
-40.6507400145505,-334.875, 0.0, 14, 104
-40.6507400145505,-346.625, 0.0, 14, 104
-40.6507400145505,-358.375, 0.0, 14, 104
-40.6507400145505,-370.125, 0.0, 14, 104
-40.6507400145505,-381.875, 0.0, 14, 104
-40.6507400145505,-393.625, 0.0, 14, 104
-40.6507400145505,-405.375, 0.0, 14, 104
-40.6507400145505,-417.125, 0.0, 14, 104
-40.6507400145505,-428.875, 0.0, 14, 104
-40.6507400145505,-440.625, 0.0, 14, 104
-30.474941520083306,-235.0, 0.0, 14, 104
-30.474941520083306,-246.75, 0.0, 14, 104
-30.474941520083306,-258.5, 0.0, 14, 104
-30.474941520083306,-270.25, 0.0, 14, 104
-30.474941520083306,-282.0, 0.0, 14, 104
-30.474941520083306,-293.75, 0.0, 14, 104
-30.474941520083306,-305.5, 0.0, 14, 104
-30.474941520083306,-317.25, 0.0, 14, 104
-30.474941520083306,-329.0, 0.0, 14, 104
-30.474941520083306,-340.75, 0.0, 14, 104
-30.474941520083306,-352.5, 0.0, 14, 104
-30.474941520083306,-364.25, 0.0, 14, 104
-30.474941520083306,-376.0, 0.0, 14, 104
-30.474941520083306,-387.75, 0.0, 14, 104
-30.474941520083306,-399.5, 0.0, 14, 104
-30.474941520083306,-411.25, 0.0, 14, 104
-30.474941520083306,-423.0, 0.0, 14, 104
-30.474941520083306,-434.75, 0.0, 14, 104
-30.474941520083306,-446.5, 0.0, 14, 104
-20.299143025616104,-240.875, 0.0, 14, 104
-20.299143025616104,-252.625, 0.0, 14, 104
-20.299143025616104,-264.375, 0.0, 14, 104
-20.299143025616104,-276.125, 0.0, 14, 104
-20.299143025616104,-287.875, 0.0, 14, 104
-20.299143025616104,-299.625, 0.0, 14, 104
-20.299143025616104,-311.375, 0.0, 14, 104
-20.299143025616104,-323.125, 0.0, 14, 104
-20.299143025616104,-334.875, 0.0, 14, 104
-20.299143025616104,-346.625, 0.0, 14, 104
-20.299143025616104,-358.375, 0.0, 14, 104
-20.299143025616104,-370.125, 0.0, 14, 104
-20.299143025616104,-381.875, 0.0, 14, 104
-20.299143025616104,-393.625, 0.0, 14, 104
-20.299143025616104,-405.375, 0.0, 14, 104
-20.299143025616104,-417.125, 0.0, 14, 104
-20.299143025616104,-428.875, 0.0, 14, 104
-20.299143025616104,-440.625, 0.0, 14, 104
-10.123344531148906,-246.75, 0.0, 14, 104
-10.123344531148906,-258.5, 0.0, 14, 104
-10.123344531148906,-270.25, 0.0, 14, 104
-10.123344531148906,-282.0, 0.0, 14, 104
-10.123344531148906,-293.75, 0.0, 14, 104
-10.123344531148906,-305.5, 0.0, 14, 104
-10.123344531148906,-317.25, 0.0, 14, 104
-10.123344531148906,-329.0, 0.0, 14, 104
-10.123344531148906,-340.75, 0.0, 14, 104
-10.123344531148906,-352.5, 0.0, 14, 104
-10.123344531148906,-364.25, 0.0, 14, 104
-10.123344531148906,-376.0, 0.0, 14, 104
-10.123344531148906,-387.75, 0.0, 14, 104
-10.123344531148906,-399.5, 0.0, 14, 104
-10.123344531148906,-411.25, 0.0, 14, 104
-10.123344531148906,-423.0, 0.0, 14, 104
-10.123344531148906,-434.75, 0.0, 14, 104
-10.123344531148906,-446.5, 0.0, 14, 104
0.052453963318293974,-240.875, 0.0, 14, 104
0.052453963318293974,-252.625, 0.0, 14, 104
0.052453963318293974,-264.375, 0.0, 14, 104
0.052453963318293974,-276.125, 0.0, 14, 104
0.052453963318293974,-287.875, 0.0, 14, 104
0.052453963318293974,-299.625, 0.0, 14, 104
0.052453963318293974,-311.375, 0.0, 14, 104
0.052453963318293974,-323.125, 0.0, 14, 104
0.052453963318293974,-334.875, 0.0, 14, 104
0.052453963318293974,-346.625, 0.0, 14, 104
0.052453963318293974,-358.375, 0.0, 14, 104
0.052453963318293974,-370.125, 0.0, 14, 104
0.052453963318293974,-381.875, 0.0, 14, 104
0.052453963318293974,-393.625, 0.0, 14, 104
0.052453963318293974,-405.375, 0.0, 14, 104
0.052453963318293974,-417.125, 0.0, 14, 104
0.052453963318293974,-428.875, 0.0, 14, 104
0.052453963318293974,-440.625, 0.0, 14, 104
0.052453963318293974,-452.375, 0.0, 14, 104
10.228252457785493,-246.75, 0.0, 14, 104
10.228252457785493,-258.5, 0.0, 14, 104
10.228252457785493,-270.25, 0.0, 14, 104
10.228252457785493,-282.0, 0.0, 14, 104
10.228252457785493,-293.75, 0.0, 14, 104
10.228252457785493,-305.5, 0.0, 14, 104
10.228252457785493,-317.25, 0.0, 14, 104
10.228252457785493,-329.0, 0.0, 14, 104
10.228252457785493,-340.75, 0.0, 14, 104
10.228252457785493,-352.5, 0.0, 14, 104
10.228252457785493,-364.25, 0.0, 14, 104
10.228252457785493,-376.0, 0.0, 14, 104
10.228252457785493,-387.75, 0.0, 14, 104
10.228252457785493,-399.5, 0.0, 14, 104
10.228252457785493,-411.25, 0.0, 14, 104
10.228252457785493,-423.0, 0.0, 14, 104
10.228252457785493,-434.75, 0.0, 14, 104
10.228252457785493,-446.5, 0.0, 14, 104
10.228252457785493,-458.25, 0.0, 14, 104
20.404050952252692,-252.625, 0.0, 14, 104
20.404050952252692,-264.375, 0.0, 14, 104
20.404050952252692,-276.125, 0.0, 14, 104
20.404050952252692,-287.875, 0.0, 14, 104
20.404050952252692,-299.625, 0.0, 14, 104
20.404050952252692,-311.375, 0.0, 14, 104
20.404050952252692,-323.125, 0.0, 14, 104
20.404050952252692,-334.875, 0.0, 14, 104
20.404050952252692,-346.625, 0.0, 14, 104
20.404050952252692,-358.375, 0.0, 14, 104
20.404050952252692,-370.125, 0.0, 14, 104
20.404050952252692,-381.875, 0.0, 14, 104
20.404050952252692,-393.625, 0.0, 14, 104
20.404050952252692,-405.375, 0.0, 14, 104
20.404050952252692,-417.125, 0.0, 14, 104
20.404050952252692,-428.875, 0.0, 14, 104
20.404050952252692,-440.625, 0.0, 14, 104
20.404050952252692,-452.375, 0.0, 14, 104
30.57984944671989,-258.5, 0.0, 14, 104
30.57984944671989,-270.25, 0.0, 14, 104
30.57984944671989,-282.0, 0.0, 14, 104
30.57984944671989,-293.75, 0.0, 14, 104
30.57984944671989,-305.5, 0.0, 14, 104
30.57984944671989,-317.25, 0.0, 14, 104
30.57984944671989,-329.0, 0.0, 14, 104
30.57984944671989,-340.75, 0.0, 14, 104
30.57984944671989,-352.5, 0.0, 14, 104
30.57984944671989,-364.25, 0.0, 14, 104
30.57984944671989,-376.0, 0.0, 14, 104
30.57984944671989,-387.75, 0.0, 14, 104
30.57984944671989,-399.5, 0.0, 14, 104
30.57984944671989,-411.25, 0.0, 14, 104
30.57984944671989,-423.0, 0.0, 14, 104
30.57984944671989,-434.75, 0.0, 14, 104
30.57984944671989,-446.5, 0.0, 14, 104
40.75564794118709,-252.625, 0.0, 14, 104
40.75564794118709,-264.375, 0.0, 14, 104
40.75564794118709,-276.125, 0.0, 14, 104
40.75564794118709,-287.875, 0.0, 14, 104
40.75564794118709,-299.625, 0.0, 14, 104
40.75564794118709,-311.375, 0.0, 14, 104
40.75564794118709,-323.125, 0.0, 14, 104
40.75564794118709,-334.875, 0.0, 14, 104
40.75564794118709,-346.625, 0.0, 14, 104
40.75564794118709,-358.375, 0.0, 14, 104
40.75564794118709,-370.125, 0.0, 14, 104
40.75564794118709,-381.875, 0.0, 14, 104
40.75564794118709,-393.625, 0.0, 14, 104
40.75564794118709,-405.375, 0.0, 14, 104
40.75564794118709,-417.125, 0.0, 14, 104
40.75564794118709,-428.875, 0.0, 14, 104
40.75564794118709,-440.625, 0.0, 14, 104
40.75564794118709,-452.375, 0.0, 14, 104
50.93144643565429,-258.5, 0.0, 14, 104
50.93144643565429,-270.25, 0.0, 14, 104
50.93144643565429,-282.0, 0.0, 14, 104
50.93144643565429,-293.75, 0.0, 14, 104
50.93144643565429,-305.5, 0.0, 14, 104
50.93144643565429,-317.25, 0.0, 14, 104
50.93144643565429,-329.0, 0.0, 14, 104
50.93144643565429,-340.75, 0.0, 14, 104
50.93144643565429,-352.5, 0.0, 14, 104
50.93144643565429,-364.25, 0.0, 14, 104
50.93144643565429,-376.0, 0.0, 14, 104
50.93144643565429,-387.75, 0.0, 14, 104
50.93144643565429,-399.5, 0.0, 14, 104
50.93144643565429,-411.25, 0.0, 14, 104
50.93144643565429,-423.0, 0.0, 14, 104
50.93144643565429,-434.75, 0.0, 14, 104
50.93144643565429,-446.5, 0.0, 14, 104
61.10724493012149,-264.375, 0.0, 14, 104
61.10724493012149,-276.125, 0.0, 14, 104
61.10724493012149,-287.875, 0.0, 14, 104
61.10724493012149,-299.625, 0.0, 14, 104
61.10724493012149,-311.375, 0.0, 14, 104
61.10724493012149,-323.125, 0.0, 14, 104
61.10724493012149,-334.875, 0.0, 14, 104
61.10724493012149,-346.625, 0.0, 14, 104
61.10724493012149,-358.375, 0.0, 14, 104
61.10724493012149,-370.125, 0.0, 14, 104
61.10724493012149,-381.875, 0.0, 14, 104
61.10724493012149,-393.625, 0.0, 14, 104
61.10724493012149,-405.375, 0.0, 14, 104
61.10724493012149,-417.125, 0.0, 14, 104
61.10724493012149,-428.875, 0.0, 14, 104
61.10724493012149,-440.625, 0.0, 14, 104
61.10724493012149,-452.375, 0.0, 14, 104
71.28304342458868,-258.5, 0.0, 14, 104
71.28304342458868,-270.25, 0.0, 14, 104
71.28304342458868,-282.0, 0.0, 14, 104
71.28304342458868,-293.75, 0.0, 14, 104
71.28304342458868,-305.5, 0.0, 14, 104
71.28304342458868,-317.25, 0.0, 14, 104
71.28304342458868,-329.0, 0.0, 14, 104
71.28304342458868,-340.75, 0.0, 14, 104
71.28304342458868,-352.5, 0.0, 14, 104
71.28304342458868,-364.25, 0.0, 14, 104
71.28304342458868,-376.0, 0.0, 14, 104
71.28304342458868,-387.75, 0.0, 14, 104
71.28304342458868,-399.5, 0.0, 14, 104
71.28304342458868,-411.25, 0.0, 14, 104
71.28304342458868,-423.0, 0.0, 14, 104
71.28304342458868,-434.75, 0.0, 14, 104
71.28304342458868,-446.5, 0.0, 14, 104
81.45884191905589,-264.375, 0.0, 14, 104
81.45884191905589,-276.125, 0.0, 14, 104
81.45884191905589,-287.875, 0.0, 14, 104
81.45884191905589,-299.625, 0.0, 14, 104
81.45884191905589,-311.375, 0.0, 14, 104
81.45884191905589,-323.125, 0.0, 14, 104
81.45884191905589,-334.875, 0.0, 14, 104
81.45884191905589,-346.625, 0.0, 14, 104
81.45884191905589,-358.375, 0.0, 14, 104
81.45884191905589,-370.125, 0.0, 14, 104
81.45884191905589,-381.875, 0.0, 14, 104
81.45884191905589,-393.625, 0.0, 14, 104
81.45884191905589,-405.375, 0.0, 14, 104
81.45884191905589,-417.125, 0.0, 14, 104
81.45884191905589,-428.875, 0.0, 14, 104
81.45884191905589,-440.625, 0.0, 14, 104
91.63464041352309,-270.25, 0.0, 14, 104
91.63464041352309,-282.0, 0.0, 14, 104
91.63464041352309,-293.75, 0.0, 14, 104
91.63464041352309,-305.5, 0.0, 14, 104
91.63464041352309,-317.25, 0.0, 14, 104
91.63464041352309,-329.0, 0.0, 14, 104
91.63464041352309,-340.75, 0.0, 14, 104
91.63464041352309,-352.5, 0.0, 14, 104
91.63464041352309,-364.25, 0.0, 14, 104
91.63464041352309,-376.0, 0.0, 14, 104
91.63464041352309,-387.75, 0.0, 14, 104
91.63464041352309,-399.5, 0.0, 14, 104
91.63464041352309,-411.25, 0.0, 14, 104
91.63464041352309,-423.0, 0.0, 14, 104
91.63464041352309,-434.75, 0.0, 14, 104
101.81043890799029,-276.125, 0.0, 14, 104
101.81043890799029,-287.875, 0.0, 14, 104
101.81043890799029,-299.625, 0.0, 14, 104
101.81043890799029,-311.375, 0.0, 14, 104
101.81043890799029,-323.125, 0.0, 14, 104
101.81043890799029,-334.875, 0.0, 14, 104
101.81043890799029,-346.625, 0.0, 14, 104
101.81043890799029,-358.375, 0.0, 14, 104
101.81043890799029,-370.125, 0.0, 14, 104
101.81043890799029,-381.875, 0.0, 14, 104
101.81043890799029,-393.625, 0.0, 14, 104
101.81043890799029,-405.375, 0.0, 14, 104
101.81043890799029,-417.125, 0.0, 14, 104
101.81043890799029,-428.875, 0.0, 14, 104
101.81043890799029,-440.625, 0.0, 14, 104
111.98623740245749,-293.75, 0.0, 14, 104
111.98623740245749,-305.5, 0.0, 14, 104
111.98623740245749,-317.25, 0.0, 14, 104
111.98623740245749,-329.0, 0.0, 14, 104
111.98623740245749,-340.75, 0.0, 14, 104
111.98623740245749,-352.5, 0.0, 14, 104
111.98623740245749,-364.25, 0.0, 14, 104
111.98623740245749,-376.0, 0.0, 14, 104
111.98623740245749,-387.75, 0.0, 14, 104
111.98623740245749,-399.5, 0.0, 14, 104
111.98623740245749,-411.25, 0.0, 14, 104
111.98623740245749,-423.0, 0.0, 14, 104
122.16203589692469,-311.375, 0.0, 14, 104
122.16203589692469,-323.125, 0.0, 14, 104
122.16203589692469,-334.875, 0.0, 14, 104
122.16203589692469,-346.625, 0.0, 14, 104
122.16203589692469,-358.375, 0.0, 14, 104
122.16203589692469,-370.125, 0.0, 14, 104
122.16203589692469,-381.875, 0.0, 14, 104
122.16203589692469,-393.625, 0.0, 14, 104
122.16203589692469,-405.375, 0.0, 14, 104
122.16203589692469,-417.125, 0.0, 14, 104
132.33783439139188,-317.25, 0.0, 14, 104
132.33783439139188,-329.0, 0.0, 14, 104
132.33783439139188,-340.75, 0.0, 14, 104
132.33783439139188,-352.5, 0.0, 14, 104
132.33783439139188,-364.25, 0.0, 14, 104
132.33783439139188,-376.0, 0.0, 14, 104
132.33783439139188,-387.75, 0.0, 14, 104
132.33783439139188,-399.5, 0.0, 14, 104
142.5136328858591,-334.875, 0.0, 14, 104
142.5136328858591,-346.625, 0.0, 14, 104
142.5136328858591,-358.375, 0.0, 14, 104
142.5136328858591,-370.125, 0.0, 14, 104
142.5136328858591,-381.875, 0.0, 14, 104
142.5136328858591,-393.625, 0.0, 14, 104
